Gene	Barcodes	P14756_1001_S1_L001_R1_001_R	P14756_1001_S1_L001_R2_001_F	P14756_1002_S2_L001_R1_001_F	P14756_1002_S2_L001_R1_001_R	P14756_1002_S2_L001_R2_001_F	P14756_1002_S2_L001_R2_001_R	P14756_1003_S3_L001_R1_001_F	P14756_1003_S3_L001_R1_001_R	P14756_1003_S3_L001_R2_001_F	P14756_1004_S4_L001_R1_001_R	P14756_1004_S4_L001_R2_001_F	P14756_1005_S5_L001_R1_001_R	P14756_1005_S5_L001_R2_001_F	P14756_1006_S6_L001_R1_001_R	P14756_1006_S6_L001_R2_001_F	P14756_1007_S7_L001_R1_001_R	P14756_1007_S7_L001_R2_001_F	P14756_1008_S8_L001_R1_001_R	P14756_1008_S8_L001_R2_001_F	P14756_1009_S9_L001_R1_001_R	P14756_1009_S9_L001_R2_001_F	P14756_1010_S10_L001_R1_001_R	P14756_1010_S10_L001_R2_001_F	P14756_1011_S11_L001_R1_001_R	P14756_1011_S11_L001_R2_001_F	P14756_1012_S12_L001_R1_001_R	P14756_1012_S12_L001_R2_001_F	P14756_1013_S13_L001_R1_001_R	P14756_1013_S13_L001_R2_001_F	P14756_1014_S14_L001_R1_001_R	P14756_1014_S14_L001_R2_001_F	P14756_1015_S15_L001_R1_001_R	P14756_1015_S15_L001_R2_001_F	P14756_1016_S16_L001_R1_001_R	P14756_1016_S16_L001_R2_001_F	P14756_1017_S17_L001_R1_001_R	P14756_1017_S17_L001_R2_001_F	P14756_1018_S18_L001_R1_001_R	P14756_1018_S18_L001_R2_001_F	P14756_1019_S19_L001_R1_001_R	P14756_1019_S19_L001_R2_001_F	P14756_1020_S20_L001_R1_001_R	P14756_1020_S20_L001_R2_001_F	P14756_1021_S21_L001_R1_001_R	P14756_1021_S21_L001_R2_001_F	P14756_1022_S22_L001_R1_001_R	P14756_1022_S22_L001_R2_001_F	P14756_1023_S23_L001_R1_001_R	P14756_1023_S23_L001_R2_001_F	P14756_1024_S24_L001_R1_001_R	P14756_1024_S24_L001_R2_001_F	P14756_1025_S25_L001_R1_001_R	P14756_1025_S25_L001_R2_001_F	P14756_1026_S26_L001_R1_001_R	P14756_1026_S26_L001_R2_001_F	P14756_1027_S27_L001_R1_001_R	P14756_1027_S27_L001_R2_001_F	P14756_1028_S28_L001_R1_001_R	P14756_1028_S28_L001_R2_001_F	P14756_1029_S29_L001_R1_001_R	P14756_1029_S29_L001_R2_001_F	P14756_1030_S30_L001_R1_001_R	P14756_1030_S30_L001_R2_001_F	P14756_1031_S31_L001_R1_001_R	P14756_1031_S31_L001_R2_001_F	P14756_1032_S32_L001_R1_001_R	P14756_1032_S32_L001_R2_001_F	P14756_1033_S33_L001_R1_001_R	P14756_1033_S33_L001_R2_001_F	P14756_1034_S34_L001_R1_001_R	P14756_1034_S34_L001_R2_001_F	P14756_1035_S35_L001_R1_001_R	P14756_1035_S35_L001_R2_001_F	P14756_1036_S36_L001_R1_001_R	P14756_1036_S36_L001_R2_001_F	P14756_1037_S37_L001_R1_001_R	P14756_1037_S37_L001_R2_001_F	P14756_1037_S37_L001_R2_001_R	P14756_1038_S38_L001_R1_001_R	P14756_1038_S38_L001_R2_001_F	P14756_1039_S39_L001_R1_001_F	P14756_1039_S39_L001_R1_001_R	P14756_1039_S39_L001_R2_001_F	P14756_1039_S39_L001_R2_001_R	P14756_1040_S40_L001_R1_001_R	P14756_1040_S40_L001_R2_001_F	P14756_1041_S41_L001_R1_001_R	P14756_1041_S41_L001_R2_001_F	P14756_1042_S42_L001_R1_001_R	P14756_1042_S42_L001_R2_001_F	P14756_1043_S43_L001_R1_001_R	P14756_1043_S43_L001_R2_001_F	P14756_1044_S44_L001_R1_001_R	P14756_1044_S44_L001_R2_001_F	P14756_1045_S45_L001_R1_001_R	P14756_1045_S45_L001_R2_001_F	P14756_1046_S46_L001_R1_001_R	P14756_1046_S46_L001_R2_001_F	P14756_1047_S47_L001_R1_001_R	P14756_1047_S47_L001_R2_001_F	P14756_1048_S48_L001_R1_001_F	P14756_1048_S48_L001_R1_001_R	P14756_1048_S48_L001_R2_001_F	P14756_1048_S48_L001_R2_001_R
PBANKA_010430	GATCTTGCGTT	0	1	0	0	0	0	0	0	0	0	0	0	0	0	0	0	0	0	0	0	0	0	0	0	0	0	0	0	0	0	0	0	0	0	0	0	0	0	0	0	0	0	0	0	0	0	0	0	0	0	0	0	0	0	0	0	0	0	0	0	0	0	0	0	0	0	0	0	0	0	0	0	0	0	0	0	0	0	0	0	0	0	0	0	0	0	0	0	0	0	0	0	0	0	0	0	0	0	0	0	0	0	0	0
PBANKA_010450	CTTTATTCCCG	4	4	0	3	3	0	0	3	3	3	3	0	0	0	0	0	0	0	0	0	0	0	0	0	0	0	0	0	0	0	0	0	0	0	0	0	0	0	0	0	0	0	0	0	0	0	0	0	0	0	0	5	4	6	5	1	1	6	6	0	0	0	0	0	0	0	0	0	0	0	0	0	0	0	0	0	0	0	0	0	0	0	0	0	0	0	0	0	0	0	0	0	0	0	0	0	0	0	0	0	0	0	0	0
PBANKA_010460	TCCGCCTATTA	338	330	0	292	275	0	0	260	247	331	311	382	372	444	422	485	468	211	205	162	157	197	193	345	325	424	407	415	408	18	16	24	24	17	17	1	1	1	0	6	6	2	1	415	388	556	532	31	29	47	45	276	269	303	292	286	279	313	299	387	376	388	374	432	422	160	147	154	148	136	130	362	347	381	362	469	453	0	29	29	0	28	26	0	30	29	4	2	5	4	1	1	2	2	452	441	492	463	37	35	0	40	40	0
PBANKA_010520	GCTCGTCGACC	492	471	0	434	413	0	0	400	378	451	443	194	188	255	246	198	190	565	543	389	374	480	471	437	417	492	468	493	474	433	417	336	308	371	360	246	234	153	150	324	316	242	234	515	492	445	430	311	306	310	305	515	498	458	446	412	399	394	378	210	191	233	225	201	195	435	422	432	415	408	388	409	394	450	438	553	535	0	433	413	0	380	361	0	405	383	255	241	177	171	336	326	361	344	581	568	449	427	408	393	0	323	319	0
PBANKA_010540	ATCACAGAGGG	302	287	0	270	261	0	0	289	271	316	310	0	0	0	0	0	0	0	0	0	0	0	0	0	0	0	0	0	0	0	0	0	0	0	0	0	0	0	0	0	0	0	0	0	0	0	0	0	0	0	0	275	265	322	311	280	270	267	251	0	0	0	0	1	1	7	8	0	0	1	1	0	0	0	0	0	0	0	0	0	0	0	0	0	0	0	0	0	0	0	0	0	0	0	0	0	0	0	0	0	0	0	0	0
PBANKA_010590	CGAACCCGGCG	252	234	0	218	210	0	0	223	209	281	271	0	0	0	0	0	0	187	182	179	169	145	146	120	113	143	133	128	121	7	6	6	5	9	8	0	0	0	0	169	164	115	108	160	157	150	143	37	36	10	9	240	225	224	218	214	208	220	210	1	1	1	1	0	0	183	177	137	131	153	147	115	109	137	133	87	77	0	7	7	0	14	14	0	10	9	0	0	0	0	179	173	194	192	203	194	173	167	48	46	0	13	13	0
PBANKA_010740	GTGGCAGATGT	511	486	0	323	301	0	0	402	376	403	382	97	93	125	122	118	111	188	180	161	150	170	157	76	70	77	73	83	75	164	151	140	129	158	149	27	22	113	105	125	116	74	72	23	21	51	48	120	114	76	72	417	391	379	350	381	356	329	317	128	119	141	133	129	124	209	194	155	149	167	162	78	70	116	107	112	103	0	179	165	0	157	147	0	133	128	36	35	103	95	110	98	138	130	19	19	52	48	157	152	0	115	106	0
PBANKA_010920	ATCACCGGCGT	444	427	0	394	377	0	0	424	415	513	495	10	9	8	8	9	8	0	0	0	0	0	0	53	49	49	46	32	31	46	41	39	39	45	42	18	19	0	0	0	0	0	0	52	49	30	30	101	92	70	69	416	395	453	429	430	411	419	395	10	9	4	4	11	11	9	10	0	0	0	0	40	40	52	51	54	51	0	49	45	0	53	48	0	39	38	21	21	0	0	0	0	0	0	47	43	27	28	121	115	0	69	67	0
PBANKA_011030	AAGGCACAAAA	0	0	0	0	0	0	0	0	0	0	0	0	0	0	0	0	0	0	0	0	0	0	0	0	0	0	0	0	0	0	0	0	0	0	0	0	0	1	0	0	0	0	0	1	0	0	0	0	0	0	0	0	0	0	0	0	0	0	0	0	0	0	0	0	0	0	0	0	0	0	0	0	0	0	0	1	0	0	0	0	0	0	0	0	0	0	0	1	0	0	0	0	0	0	0	0	0	0	0	0	0	0	0	0
PBANKA_011140	ATCAGCAGACA	0	0	0	0	0	0	0	0	0	0	0	0	0	0	0	0	0	0	0	0	0	0	0	0	0	0	0	0	0	0	0	0	0	0	0	0	0	0	0	0	0	0	0	0	0	0	0	0	0	0	0	0	0	0	0	0	0	0	0	0	0	0	0	0	0	0	0	0	0	0	0	0	0	0	0	0	0	0	0	0	0	0	0	0	0	0	0	0	0	0	0	0	0	0	0	0	0	0	0	0	0	0	1	0
PBANKA_020030	GTAGGCTAAGA	0	0	0	0	0	0	0	0	0	0	0	0	0	0	0	0	0	0	0	0	0	0	0	0	0	0	0	0	0	0	0	0	0	0	0	0	0	0	0	0	0	0	0	0	0	0	0	0	0	0	0	0	0	0	0	0	0	0	0	0	0	0	0	0	0	0	0	0	0	0	0	0	0	0	0	0	0	0	0	0	0	0	0	0	1	0	0	0	0	0	0	0	0	0	0	0	0	0	0	0	0	0	0	0
PBANKA_020510	TGCTCCCTGGG	750	710	0	604	576	0	0	742	715	786	741	1569	1479	2041	1964	1859	1786	1228	1180	955	902	1229	1149	814	774	811	773	820	781	1079	1015	944	894	1015	960	790	745	721	685	707	676	463	446	1229	1166	1331	1260	1139	1096	1015	970	698	667	697	660	751	713	693	665	1814	1746	1947	1862	1783	1693	1216	1154	930	887	1016	971	721	682	902	859	988	938	0	1077	1007	0	972	935	0	912	871	801	759	837	792	701	665	665	634	1311	1253	1219	1157	1228	1182	0	1106	1074	0
PBANKA_030060	TGTGCAGGTGC	225	214	0	169	156	0	0	189	181	195	169	4	4	5	4	4	4	118	109	111	104	128	122	180	170	190	176	194	178	407	380	316	298	338	311	11	11	28	26	200	191	160	148	193	178	265	247	386	355	371	339	219	205	196	184	187	173	180	172	6	6	8	8	1	1	94	86	89	87	104	92	165	149	173	153	200	186	0	350	328	0	351	327	0	313	300	22	20	29	27	232	217	242	224	237	219	284	262	428	394	0	479	439	0
PBANKA_030500	CCAAGCGAGGC	486	477	0	402	387	0	0	406	384	450	437	850	812	1048	1012	955	897	197	190	173	168	182	176	102	97	118	116	135	134	176	172	147	143	172	161	1106	1055	695	662	158	155	66	65	150	148	156	148	262	252	214	202	439	424	436	417	416	393	375	355	908	865	1060	1019	984	934	212	206	154	140	177	168	109	102	110	107	117	112	0	211	205	0	169	162	0	196	182	1122	1080	726	692	189	184	111	101	171	158	131	129	275	267	0	284	269	0
PBANKA_030510	AGACCGAGACA	486	469	0	390	377	0	0	402	390	431	410	1	1	0	0	0	0	759	715	554	531	610	595	247	238	292	283	303	291	55	50	63	56	62	62	3	2	0	0	367	365	304	298	379	369	409	395	94	93	121	116	479	457	427	411	335	317	366	354	1	1	0	0	2	1	660	640	532	509	556	525	258	247	289	279	365	358	0	56	55	0	55	51	0	42	43	0	0	0	0	412	396	447	421	396	389	380	366	107	102	0	137	125	0
PBANKA_030850	ACGGACCAAGG	281	266	0	266	254	0	0	321	309	346	337	0	0	0	0	0	0	48	45	45	41	52	52	226	220	270	262	257	245	13	12	14	14	6	5	0	0	0	0	76	72	31	30	268	256	231	215	8	9	10	8	268	258	271	259	279	268	279	268	0	0	0	0	2	2	59	59	53	51	50	47	230	223	246	234	256	242	0	11	11	0	18	17	0	9	10	0	0	0	0	89	84	37	36	304	287	245	227	6	5	0	12	10	0
PBANKA_030940	GGGTCGCGGGG	0	0	0	0	0	0	0	0	0	0	0	0	0	0	0	0	0	0	0	0	0	0	0	0	0	0	0	0	0	0	0	0	0	0	0	0	0	0	0	0	0	0	0	0	0	0	0	0	0	0	0	0	1	0	0	0	0	0	0	0	0	0	0	0	0	0	0	0	0	0	0	0	0	0	0	0	0	0	0	0	0	0	1	0	0	0	0	0	0	0	0	0	1	0	0	0	0	0	0	0	0	0	0	0
PBANKA_031160	TTTGACGTGGA	0	0	0	0	0	0	0	0	0	0	0	0	0	0	0	0	0	0	0	0	0	0	0	0	0	0	0	0	0	0	0	0	0	0	0	0	0	0	0	0	0	0	0	0	0	0	0	0	0	0	0	0	0	0	0	0	0	0	0	0	0	0	0	0	0	0	0	0	0	0	0	0	0	0	0	0	0	0	0	0	0	0	0	0	0	0	0	0	0	0	0	0	0	0	0	0	0	0	0	1	0	0	0	0
PBANKA_031260	CGCTCCATGCC	297	276	0	227	215	0	0	227	220	256	248	84	78	101	94	98	91	329	323	224	218	327	316	144	144	187	183	150	140	118	112	126	122	140	135	157	152	169	168	341	326	258	252	265	255	375	370	124	118	163	158	280	266	265	255	205	194	228	220	120	114	116	110	95	91	336	331	258	248	316	301	161	157	134	129	157	157	0	141	136	0	141	134	0	104	97	146	137	156	155	397	385	370	349	294	283	360	352	148	143	0	222	206	0
PBANKA_031570	AGGCGGTTGGC	0	0	0	0	0	0	0	0	0	0	0	0	0	0	0	0	0	0	0	0	0	0	0	0	0	0	0	0	0	0	0	0	0	0	0	0	0	0	0	0	0	0	0	0	1	0	0	0	0	0	0	0	0	0	0	0	0	0	0	0	0	0	0	0	0	0	0	0	0	0	0	0	0	0	0	0	0	0	0	0	0	0	0	0	0	0	0	0	0	0	0	0	0	0	0	0	0	0	0	0	0	0	0	0
PBANKA_040280	CAGACGCTGAA	182	178	0	141	138	1	0	173	169	183	178	351	341	422	406	380	370	204	198	177	173	194	192	354	336	377	360	391	379	128	119	139	137	96	93	572	560	393	376	153	144	106	103	565	543	451	445	164	166	135	136	178	168	153	150	162	158	145	136	418	413	420	414	425	409	215	207	170	163	188	181	333	317	424	405	470	457	0	124	119	0	131	131	0	135	129	595	577	458	439	167	161	211	199	710	687	436	415	201	196	0	164	161	0
PBANKA_040840	CACAACTAGAC	380	395	0	333	354	0	0	416	420	470	491	28	31	18	20	33	36	238	236	183	193	195	205	136	134	201	211	167	179	412	445	394	394	392	423	1	0	1	1	9	10	0	0	304	321	326	345	867	926	831	852	365	376	377	394	365	389	380	400	29	32	39	40	46	51	207	218	182	187	182	185	169	169	181	193	189	195	0	426	437	0	435	466	0	370	395	0	0	0	0	3	3	0	0	357	360	301	316	1110	1151	0	1027	1063	0
PBANKA_040940	ATGCGCGCAAA	98	93	0	108	103	0	0	91	87	94	89	0	0	0	0	0	0	159	151	121	118	128	123	22	19	22	21	24	24	5	5	7	7	4	4	0	0	1	1	206	195	119	117	1	1	2	2	0	0	0	0	102	97	92	92	100	97	84	84	0	0	0	0	0	0	134	125	100	92	108	104	14	14	22	20	33	32	0	7	6	0	5	5	0	7	7	0	0	0	0	198	195	172	168	3	2	8	8	0	0	0	0	0	0
PBANKA_041010	GCGGATCTAGC	258	235	0	177	161	0	0	202	195	219	210	909	846	1100	1063	989	945	1043	994	766	724	855	813	321	305	420	391	339	324	486	451	427	400	474	436	950	894	859	809	752	715	685	654	665	639	654	608	730	697	818	770	279	263	237	220	217	200	188	176	914	865	1132	1077	962	921	841	795	761	723	731	679	339	322	385	371	434	416	0	439	408	0	467	449	0	441	424	935	894	904	842	818	784	974	914	751	713	640	607	838	792	0	899	846	0
PBANKA_041330	CAGTACAGGAA	0	0	0	0	0	0	0	0	0	0	0	0	0	0	0	0	0	0	0	0	0	0	0	0	0	0	0	0	0	0	0	0	0	0	0	0	0	0	0	0	0	0	0	0	0	0	0	1	0	0	0	0	0	0	0	0	0	0	0	0	0	0	0	0	0	0	0	0	0	0	0	0	0	0	0	0	0	0	0	0	0	0	0	0	0	0	0	0	0	0	0	0	0	0	0	0	0	0	0	0	0	0	0	0
PBANKA_041340	CACCTTGCACA	0	0	0	0	0	0	0	0	0	0	0	0	0	0	0	0	0	0	0	0	0	0	0	0	0	0	0	0	0	0	0	0	0	0	0	0	0	0	0	0	1	0	0	0	0	0	0	0	0	0	0	0	0	0	0	0	0	0	0	0	0	0	0	0	0	0	0	0	0	0	0	0	0	0	0	0	0	0	0	0	0	0	0	0	0	0	0	0	0	0	0	0	0	0	0	0	0	0	0	0	0	0	0	0
PBANKA_041700	CGCTAAGTGCG	0	0	0	0	0	0	0	1	0	0	0	0	0	0	0	0	0	0	0	1	0	0	0	0	0	1	0	0	0	0	0	1	0	0	0	0	0	0	0	0	0	0	0	0	0	0	0	0	0	0	0	0	0	0	0	0	0	0	0	0	0	0	0	0	0	1	0	1	0	1	1	0	0	0	0	0	0	0	0	0	0	0	0	0	1	0	0	0	0	0	1	0	0	0	0	0	0	0	0	0	0	0	0	0
PBANKA_041850	GCTTAAGGTGT	0	0	0	0	0	0	0	0	0	0	0	1	0	0	0	0	0	0	0	0	0	0	0	0	0	0	0	0	0	0	0	0	0	0	0	0	0	0	0	0	0	0	0	0	0	0	0	0	0	0	0	0	0	0	0	0	0	0	0	0	0	0	0	0	0	0	0	0	0	0	0	0	0	0	0	0	0	0	0	0	0	0	0	0	0	0	0	0	0	0	0	0	0	0	0	0	0	0	0	0	0	0	0	0
PBANKA_050265	TTCTGGGGAAG	751	713	0	480	464	0	0	528	507	530	498	0	0	0	0	0	0	284	268	193	185	235	219	125	122	152	144	139	134	429	412	362	343	412	391	1	0	0	0	112	103	51	49	170	161	134	129	478	456	409	388	679	633	576	543	499	479	507	485	0	0	1	1	4	4	251	238	212	204	218	210	125	118	140	136	159	150	0	415	393	0	362	347	0	382	368	2	2	0	0	119	114	85	80	155	144	125	119	567	539	0	440	416	0
PBANKA_050500	GCGTCGATCAA	261	246	0	222	216	0	0	271	257	291	277	0	0	0	0	0	0	0	0	0	0	0	0	0	0	1	1	0	0	0	0	0	0	0	0	0	0	0	0	0	0	0	0	0	0	0	0	0	0	0	0	258	247	253	249	286	270	240	230	0	0	0	0	0	0	3	3	0	0	1	1	0	0	0	0	0	0	0	0	0	0	0	0	0	0	0	0	0	0	0	0	0	0	0	0	0	0	0	0	0	0	0	0	0
PBANKA_050550	GGTAAGTGTCC	0	0	0	0	0	0	0	0	0	0	0	0	0	0	0	0	0	0	0	0	0	0	0	0	0	0	0	0	0	0	0	0	0	0	0	0	0	0	0	0	0	0	0	0	0	0	0	0	0	0	0	0	0	0	0	0	0	0	0	0	0	0	0	1	0	0	0	0	0	0	0	0	0	0	0	0	0	0	0	0	0	0	0	0	0	0	0	0	0	0	0	0	0	0	0	0	0	0	0	0	0	0	0	0
PBANKA_050600	GAGGTATACCG	0	0	0	0	0	0	0	1	0	0	0	0	0	0	0	0	0	0	0	0	0	0	0	0	0	0	0	0	0	0	0	0	0	0	0	0	0	0	0	0	0	0	0	0	0	0	0	0	0	0	0	0	0	0	0	0	0	0	0	0	0	0	0	0	0	0	0	0	0	0	0	0	0	0	0	0	0	0	0	0	0	0	0	0	0	0	0	0	0	0	0	0	0	0	0	0	0	0	0	0	0	0	0	0
PBANKA_051360	CCGTCGAAACT	525	505	0	404	385	0	0	399	381	463	443	185	179	203	190	185	176	831	813	635	615	738	714	295	277	360	358	329	322	411	392	378	359	377	365	160	157	234	224	710	688	408	401	264	245	228	221	337	325	349	335	492	471	456	440	419	405	438	409	188	177	223	216	201	190	681	660	597	571	619	581	287	278	309	296	376	367	0	460	440	0	402	395	0	364	352	176	167	258	247	715	692	688	667	248	234	273	264	380	372	0	442	410	0
PBANKA_051560	TAGACGGAGTG	0	0	0	0	0	0	0	0	0	0	0	0	0	0	0	0	0	0	0	0	0	0	0	0	0	0	0	0	0	0	0	0	0	0	0	0	0	0	0	0	0	0	0	0	0	0	0	0	0	0	0	0	0	0	0	0	0	0	0	1	0	0	0	0	0	0	0	0	0	0	0	0	0	0	0	0	0	0	0	0	0	0	0	0	0	0	0	0	0	0	0	0	0	0	0	0	0	0	0	0	0	0	0	0
PBANKA_051720	GGTATGAGCCC	307	299	0	315	298	0	0	264	250	264	248	275	258	351	328	336	317	543	516	432	404	414	386	1185	1124	1410	1342	1248	1175	529	495	444	425	517	493	464	434	339	322	995	959	676	644	1482	1406	1358	1264	538	515	475	452	328	311	284	265	245	236	296	274	310	294	323	299	326	307	464	429	407	380	428	403	1170	1091	1298	1236	1502	1421	0	521	488	0	473	457	0	503	479	453	423	329	309	946	908	959	912	1550	1482	1427	1356	574	545	0	587	562	0
PBANKA_051760	ATGCGGGACTT	333	321	0	327	316	0	0	363	339	385	375	274	262	327	311	308	295	0	1	0	0	0	0	6	6	6	7	6	6	220	208	217	217	216	207	618	600	637	604	0	0	0	0	4	3	6	6	238	223	203	194	349	337	350	334	322	303	336	320	319	305	279	263	312	292	12	12	0	0	0	0	9	8	4	4	3	3	0	259	247	0	191	188	0	186	177	561	540	619	597	1	1	0	0	8	8	3	3	274	254	0	245	242	0
PBANKA_052320	CCATTTTCCAT	376	354	0	320	316	0	0	353	340	391	374	471	457	652	619	538	515	493	480	357	345	442	432	283	270	266	257	272	261	286	274	301	291	327	313	326	314	252	236	269	264	257	252	257	247	251	241	568	549	693	665	343	329	360	338	334	326	369	355	543	519	581	552	560	541	386	372	362	344	360	350	241	236	261	252	273	257	0	323	307	0	287	274	0	268	256	317	302	281	268	260	249	379	368	282	276	268	254	603	584	0	844	815	0
PBANKA_052430	TCCAATATTAC	401	400	0	349	347	0	0	373	368	410	404	467	462	506	493	465	456	340	340	291	293	336	325	101	100	150	149	125	122	297	291	261	257	322	312	722	723	456	449	297	304	338	326	311	305	231	227	284	271	261	261	390	383	386	379	347	345	327	322	499	482	465	452	446	444	307	303	329	320	299	293	102	98	138	137	148	145	0	326	320	0	240	239	0	305	295	704	690	486	458	316	312	432	434	346	339	257	259	341	335	0	277	277	0
PBANKA_060240	CAACGTGAGCA	412	399	0	297	288	0	0	377	357	380	365	0	0	1	1	0	0	634	614	529	496	471	453	65	63	77	72	78	76	27	25	17	14	29	29	0	0	1	0	283	273	255	242	148	138	158	152	34	33	6	6	364	348	350	330	309	288	314	309	0	0	0	0	0	0	508	486	453	435	466	452	58	54	67	65	85	79	0	24	24	0	18	17	0	9	10	0	0	0	0	321	316	320	313	138	130	169	161	33	34	0	2	2	0
PBANKA_060700	CACAGGAGAAG	0	0	0	0	0	0	0	0	0	0	0	0	0	0	0	0	0	0	0	0	0	0	0	0	0	0	0	0	0	0	0	0	0	0	0	0	0	0	0	0	0	0	0	0	0	0	0	0	0	0	0	0	0	0	0	0	0	0	0	0	0	0	0	0	0	0	0	0	0	0	0	0	0	0	0	0	0	0	0	0	0	0	0	0	0	0	0	0	0	0	1	0	0	0	0	0	0	0	0	0	0	0	0	0
PBANKA_061110	GATATGGTAAG	398	376	0	339	318	0	0	374	359	465	438	0	0	0	0	0	0	80	78	60	53	61	55	350	332	384	357	376	349	155	139	157	145	171	160	2	1	1	1	149	140	119	110	512	480	387	375	136	132	215	200	405	382	410	397	355	335	368	342	0	0	0	0	0	0	66	62	52	49	61	59	354	332	381	360	419	396	0	175	163	0	170	156	0	126	121	0	0	0	0	159	148	200	184	497	470	409	385	182	170	0	230	215	0
PBANKA_061140	AGAACATACTG	330	317	0	220	219	0	0	239	234	281	268	49	46	49	47	64	60	2	2	3	3	6	6	57	56	68	66	72	71	37	35	32	28	30	30	12	12	9	9	7	7	9	6	46	46	60	61	37	34	57	52	286	283	289	270	258	248	239	228	51	46	61	58	66	63	6	6	3	3	1	1	59	58	56	55	40	41	0	54	51	0	40	40	0	27	26	9	8	14	14	7	6	13	13	51	51	52	50	37	35	0	53	50	0
PBANKA_061680	CGGCCCGGATA	373	348	0	334	317	0	0	332	320	336	319	2	3	2	1	2	2	0	0	0	0	0	0	1	1	0	0	1	1	0	0	1	1	2	2	2	2	3	3	0	0	1	1	1	1	1	1	0	1	0	0	359	336	291	275	283	275	335	316	0	0	2	1	5	5	3	3	0	0	0	0	4	4	0	0	1	1	0	0	0	0	0	0	0	0	0	9	9	7	6	0	0	0	0	7	7	2	2	0	0	0	1	1	0
PBANKA_062320	CTGAATACTCG	483	462	0	381	367	0	0	432	423	467	444	190	180	240	236	257	247	101	98	100	94	108	105	9	9	17	17	15	15	12	13	5	5	6	6	270	256	172	167	0	0	6	6	3	3	15	15	16	15	0	0	459	449	415	401	411	401	407	395	188	180	225	218	235	222	102	100	102	95	103	93	16	13	18	16	22	22	0	16	14	0	10	11	0	7	7	238	223	180	171	0	0	9	9	4	4	16	16	27	27	0	0	0	0
PBANKA_070360	GAGAAATCGCA	0	0	0	0	0	0	0	0	0	0	0	0	0	0	0	0	0	0	0	0	0	0	0	0	0	0	0	0	0	0	0	0	0	0	0	0	0	0	0	0	0	0	0	0	0	0	0	0	0	0	0	0	0	0	0	1	0	0	0	0	0	0	0	0	0	0	0	0	0	0	0	1	0	0	0	0	0	0	0	0	0	0	0	0	0	0	0	0	0	0	0	0	0	0	0	0	0	0	0	0	0	0	0	0
PBANKA_070690	AAGCGAGCTGT	0	0	0	0	0	0	0	0	0	0	0	0	0	0	0	0	0	0	0	0	1	0	0	0	0	0	0	0	0	0	0	0	0	0	0	0	0	0	0	0	0	0	0	0	0	0	0	0	0	0	0	0	0	0	0	0	0	0	0	0	0	0	0	0	0	0	1	0	0	0	0	0	0	0	0	0	0	0	0	1	0	0	0	0	0	0	0	0	0	0	0	0	0	0	0	0	0	0	0	0	0	0	0	0
PBANKA_071220	CTCTTAATAGG	480	458	0	452	435	0	0	508	491	532	497	441	415	471	454	460	451	808	766	671	650	741	711	890	852	953	910	1052	999	631	596	586	556	593	564	937	901	760	726	602	572	551	520	1530	1478	1453	1388	799	759	796	772	455	436	527	508	457	432	448	429	440	418	439	425	492	467	725	695	643	613	641	603	848	805	960	929	1090	1043	0	655	625	0	596	567	0	561	537	901	854	800	760	636	606	855	823	1617	1550	1305	1235	785	748	0	886	836	0
PBANKA_071530	CCACAACCCGA	0	0	0	0	0	0	0	0	0	0	0	0	0	0	0	0	0	0	0	0	0	0	0	0	0	0	0	0	0	0	0	0	0	0	0	0	0	0	0	0	0	0	0	0	0	0	0	0	0	0	0	0	0	0	0	0	0	0	0	0	0	0	0	0	0	0	0	0	0	0	0	0	0	0	0	0	0	0	0	0	0	0	0	0	0	0	0	0	0	0	0	0	0	1	0	0	0	0	0	0	0	0	0	0
PBANKA_072200	CGTAACTTGAT	979	951	0	1036	983	0	0	1212	1161	1334	1274	0	0	0	0	0	0	0	0	0	0	0	0	0	0	0	0	0	0	53	52	55	55	63	62	0	0	0	0	0	0	0	0	0	0	0	0	2	2	6	5	835	795	1151	1088	1109	1053	1050	987	0	1	1	1	2	2	20	18	0	0	1	1	0	0	0	0	0	1	0	52	52	0	60	58	0	45	45	0	0	0	0	0	0	0	0	0	0	0	0	3	2	0	3	3	0
PBANKA_080200	TACTTCGCCTA	0	0	0	0	0	0	0	0	0	0	0	1	1	0	0	0	0	0	0	0	0	0	0	1	1	0	0	0	0	1	1	0	0	0	0	0	0	0	0	0	0	0	0	0	0	0	0	0	0	0	0	0	0	0	0	0	0	0	0	0	0	0	0	1	1	0	0	0	0	0	0	0	0	0	0	0	0	0	0	0	0	0	0	0	0	0	0	0	0	0	0	0	0	0	0	0	0	0	0	0	0	0	0	0
PBANKA_080560	AATCCCGGCGA	34	32	0	23	22	0	0	33	32	40	36	0	0	0	0	0	0	0	0	0	0	0	0	0	0	0	0	0	0	0	0	0	0	0	0	0	0	0	0	0	0	0	0	0	0	0	0	0	0	0	0	31	29	37	36	35	35	33	33	0	0	0	0	0	0	3	2	0	0	0	0	1	1	0	0	0	0	0	0	0	0	0	0	0	0	0	0	0	0	0	0	0	0	0	0	0	0	0	0	0	0	0	0	0
PBANKA_080630	GAAGGTGGTAC	254	249	0	213	213	0	0	182	179	252	248	110	105	121	118	108	105	75	71	69	66	69	65	1138	1088	1191	1150	1132	1107	179	170	147	141	152	147	1	1	0	0	14	14	0	0	823	792	904	898	188	189	108	102	267	256	234	218	236	229	236	230	108	101	112	109	111	103	68	66	50	51	78	74	994	971	1177	1124	1342	1315	0	183	172	0	178	179	0	157	150	0	0	0	0	17	17	1	1	832	811	886	857	174	173	0	148	146	0
PBANKA_080650	ATTCGGGTTAA	247	239	0	176	166	0	0	229	210	220	202	1	1	0	0	0	0	1094	1032	884	830	951	902	47	42	61	57	49	42	93	89	73	71	72	67	0	0	1	1	560	532	498	468	23	23	60	55	62	59	68	67	198	189	211	196	185	175	194	183	0	0	0	0	1	1	963	906	816	778	886	840	46	44	41	37	61	55	0	80	75	0	69	64	0	72	70	0	0	0	0	681	649	621	587	35	35	71	67	84	82	0	63	60	0
PBANKA_080730	CTTGGGAGGCG	0	0	0	0	0	0	0	0	0	0	0	0	0	0	0	0	0	0	0	0	0	0	0	0	0	0	0	0	0	0	0	0	0	0	0	0	0	0	0	0	0	0	0	0	0	0	0	0	0	0	0	0	0	0	0	0	0	0	0	0	0	0	0	0	0	0	0	0	0	1	0	0	0	0	0	0	0	0	0	0	0	0	0	0	1	0	0	0	0	0	0	0	0	0	0	0	0	0	0	0	0	0	0	0
PBANKA_081350	GGGCGTGGTGT	0	0	0	0	0	0	0	0	0	0	0	0	0	0	0	0	0	0	0	0	0	0	0	0	0	0	0	0	0	0	0	0	0	0	0	0	0	0	0	0	0	0	0	0	0	0	0	0	0	0	0	0	0	0	0	0	0	0	0	0	0	0	0	0	0	0	0	0	0	0	0	0	0	1	0	0	0	0	0	0	0	0	0	0	0	0	0	0	0	0	0	0	0	0	0	0	0	0	0	0	0	0	0	0
PBANKA_081700	CGGATAGTCGT	404	379	0	367	335	0	0	382	357	451	424	321	306	410	388	360	338	878	839	732	674	735	692	146	145	154	141	160	147	218	204	203	192	233	220	0	0	7	7	5	4	7	7	286	266	231	221	533	493	346	328	420	413	358	338	407	382	410	384	363	346	431	405	428	400	685	648	712	661	687	653	142	128	160	151	185	173	0	276	260	0	275	261	0	201	195	0	0	4	3	5	5	10	10	326	307	238	222	568	525	0	386	361	0
PBANKA_081950	TGCAGGACAGC	232	220	0	151	139	0	0	224	213	232	222	461	433	609	591	564	540	411	399	319	302	370	352	148	141	201	194	168	161	262	254	283	266	260	247	608	578	622	598	284	275	152	146	287	269	247	239	223	213	297	284	163	161	179	168	196	185	151	146	551	525	570	534	572	545	318	294	300	291	269	253	156	151	176	172	197	184	0	255	236	0	330	319	0	255	245	549	520	682	665	323	313	221	207	319	303	261	249	251	245	0	394	375	0
PBANKA_082740	AGGGTGAACAG	414	396	0	380	365	0	0	481	458	520	481	0	0	0	0	0	0	0	0	1	1	0	0	333	315	368	339	384	365	43	39	31	28	55	50	0	0	0	0	0	0	0	0	357	328	497	462	67	65	20	18	399	367	382	360	416	385	428	398	0	0	0	0	0	0	6	6	0	0	0	0	315	298	382	363	454	429	0	57	56	0	55	52	0	43	41	0	0	0	0	0	0	0	0	364	337	502	466	101	94	0	31	28	0
PBANKA_082800	GCATCATCCCC	426	409	0	343	337	0	0	369	360	386	378	349	341	442	416	415	407	157	154	139	133	156	152	121	118	142	136	115	110	822	788	735	709	767	745	0	1	0	0	0	0	0	0	0	0	0	0	0	0	0	0	393	383	394	378	348	342	335	322	356	338	374	360	351	351	151	150	147	140	150	143	124	118	148	139	129	122	0	802	772	0	756	732	0	708	690	0	0	0	0	0	0	0	0	0	0	0	0	0	0	0	0	0	0
PBANKA_083250	CCGCTATCCAC	0	0	0	0	0	0	0	0	0	0	0	0	0	0	0	0	0	0	0	0	0	0	0	0	0	0	0	0	0	0	0	0	0	0	0	0	0	0	0	0	0	0	0	0	0	0	0	0	0	0	0	0	0	0	0	0	0	0	0	0	0	0	0	0	0	0	1	0	0	0	0	0	0	0	0	0	0	0	0	0	0	0	0	0	0	0	0	0	0	0	0	0	0	0	0	0	0	0	0	0	0	0	0	0
PBANKA_083460	TTTCCAGCTAA	534	516	0	408	388	0	0	499	473	527	515	3555	3427	4384	4229	3823	3653	2276	2204	1797	1736	2086	2015	939	900	999	953	1090	1045	1317	1267	1239	1197	1260	1201	6032	5801	5517	5333	1815	1770	1173	1124	0	0	1	1	92	92	48	43	483	463	420	401	463	442	478	464	3832	3664	4215	4070	4026	3899	1943	1856	1691	1636	1777	1688	855	797	962	923	1194	1146	0	1294	1242	0	1255	1226	0	1239	1198	5909	5653	5739	5497	1857	1800	1767	1670	2	2	1	2	101	98	0	48	48	0
PBANKA_090380	GGCCCTCTCTC	0	0	0	0	0	0	0	0	0	0	0	0	0	0	0	0	0	0	0	0	0	0	0	0	0	0	0	0	0	0	0	0	0	0	0	0	0	0	0	0	0	0	0	0	0	0	0	0	0	0	0	0	0	0	0	0	0	0	0	0	0	0	0	0	0	0	0	0	0	0	0	0	0	0	0	0	1	0	0	0	0	0	0	0	0	0	0	0	0	0	0	0	0	0	0	0	0	0	0	0	0	0	0	0
PBANKA_090460	CTACTATGTAA	0	0	0	0	0	0	0	0	0	0	0	0	0	0	0	0	0	0	0	0	0	0	0	0	0	0	0	0	0	0	0	0	0	0	0	0	0	0	0	0	0	0	0	0	0	0	0	0	0	0	0	0	0	0	0	0	0	0	0	0	0	0	0	0	0	0	0	0	0	0	0	0	0	0	0	0	0	0	0	1	0	0	0	0	0	0	0	0	0	0	0	0	0	0	0	0	0	0	0	0	0	0	0	0
PBANKA_091220	GCTATGTCCAT	0	0	0	0	0	0	0	0	0	0	0	0	0	0	1	0	0	0	0	0	0	0	0	0	0	0	0	0	0	0	0	0	0	0	0	0	0	0	0	0	0	0	0	0	0	0	0	0	0	0	0	0	0	0	0	0	0	0	0	0	0	0	0	0	0	0	0	0	0	0	0	0	0	0	0	0	0	0	0	0	0	0	0	0	0	0	0	0	0	0	0	0	0	0	0	0	0	0	0	0	0	0	0	0
PBANKA_091230	GCTGGTACGAA	435	419	0	398	379	0	0	413	400	469	440	294	280	355	335	327	309	555	530	409	388	484	457	571	542	633	612	607	575	812	768	719	690	812	765	186	178	86	87	303	294	203	193	481	444	461	432	563	545	548	518	436	415	392	378	446	426	356	338	287	269	348	334	303	290	477	454	408	383	412	392	625	594	581	555	711	686	0	831	781	0	768	735	0	710	688	189	179	99	94	326	305	346	327	514	497	445	425	621	591	0	609	573	0
PBANKA_091410	CCTTACGTGGT	0	0	0	0	0	0	0	0	0	0	0	0	0	0	0	0	0	0	0	1	0	0	0	0	0	0	0	0	0	0	0	0	0	0	0	0	0	0	0	0	0	0	0	0	0	0	0	0	0	0	0	0	0	0	0	0	0	0	0	0	0	0	0	0	0	1	0	0	0	0	0	0	0	0	0	0	0	0	0	0	0	0	0	0	0	0	0	0	0	0	0	0	0	0	0	0	0	0	0	0	0	0	0	0
PBANKA_092180	GTATATAGTTA	476	458	0	413	388	0	0	437	411	430	397	1480	1388	1762	1675	1641	1557	228	219	200	188	234	222	241	233	218	206	222	209	384	360	299	282	344	328	2797	2620	2266	2142	387	371	362	348	319	302	358	336	300	293	239	230	484	453	413	395	392	372	382	354	1585	1496	1629	1533	1692	1605	193	185	208	196	216	201	237	218	231	216	305	281	0	335	312	0	335	319	0	339	323	2911	2746	2439	2297	423	405	500	466	313	299	327	311	331	311	0	277	260	0
PBANKA_092380	TAAGGGCAAAT	0	0	0	0	0	0	0	0	0	0	0	0	0	0	0	0	0	0	0	0	0	0	0	0	0	0	0	0	0	0	0	0	0	0	0	1	0	0	0	0	0	0	0	0	0	0	0	0	0	0	0	0	0	0	0	0	0	0	0	0	0	0	0	0	0	0	0	0	0	0	0	0	0	0	0	0	0	0	0	0	0	0	0	0	0	0	0	0	0	0	0	0	0	0	0	0	0	0	0	0	0	0	0	0
PBANKA_092490	CAGGCATTCTT	0	0	0	0	0	0	0	0	0	0	0	0	0	0	0	0	0	0	0	0	0	0	0	0	0	0	0	0	0	0	0	0	0	0	0	0	0	0	0	0	0	0	0	0	0	0	1	0	0	0	0	0	0	0	0	0	0	0	0	0	0	0	0	0	0	0	0	0	0	0	0	0	0	0	0	0	0	0	0	0	0	0	0	0	0	0	0	0	0	0	0	0	0	0	0	0	0	0	0	0	0	0	0	0
PBANKA_092870	GTTTAGACCGG	685	655	0	589	551	0	0	560	537	640	606	720	680	834	787	840	803	188	177	117	111	162	155	131	124	178	165	198	193	247	231	209	203	217	209	2198	2074	1787	1690	146	134	87	84	300	281	343	325	340	321	396	370	655	616	625	592	542	519	549	520	823	770	845	801	830	784	186	177	117	111	151	137	137	127	174	172	188	183	0	227	211	0	235	216	0	222	213	1999	1890	1789	1705	140	126	139	131	310	293	329	310	392	367	0	494	468	0
PBANKA_092980	TTATGCTAAGG	532	503	0	309	294	0	0	418	402	415	392	16	16	17	16	19	18	27	25	26	25	19	18	75	68	84	84	79	75	427	407	358	346	331	314	31	30	21	21	30	27	38	37	101	92	87	82	518	486	453	423	475	452	388	369	363	346	335	314	25	21	21	19	18	17	48	46	23	19	31	30	81	79	69	65	106	99	0	413	391	0	383	361	0	347	325	23	23	21	21	34	33	63	61	126	120	69	60	576	552	0	510	484	0
PBANKA_093300	GATGTTTGATC	7	6	0	1	0	0	0	3	3	5	5	0	0	0	0	0	0	0	0	0	0	0	0	0	0	0	0	0	0	0	0	0	0	0	0	0	0	0	0	0	0	0	0	0	0	0	0	0	0	0	0	3	3	7	6	9	9	2	2	0	0	0	0	0	0	0	0	0	0	0	0	0	0	0	0	0	0	0	0	0	0	0	0	0	0	0	0	0	0	0	0	0	0	0	0	0	0	0	0	0	0	0	0	0
PBANKA_094280	ACCGAAACTGT	0	0	0	0	0	0	0	0	0	0	0	0	0	0	0	0	0	0	0	0	0	0	0	0	0	0	0	0	0	0	0	0	0	0	0	0	0	0	0	0	0	0	0	0	0	0	0	0	0	0	0	0	0	0	0	0	0	0	0	0	0	0	0	0	0	0	0	0	1	0	0	0	0	0	0	0	0	0	0	0	0	0	0	0	0	0	0	0	0	0	0	0	0	0	0	0	0	0	0	0	0	0	0	0
PBANKA_094340	GCATCAAAGCG	436	411	0	401	386	0	0	480	455	482	462	2	2	0	0	0	0	767	739	580	545	690	654	120	115	150	139	168	158	119	111	88	82	102	94	0	0	1	0	590	557	387	368	157	148	161	153	75	69	77	69	391	361	436	417	438	436	424	405	0	0	0	0	1	1	632	599	568	545	564	534	139	133	124	121	143	135	0	138	134	0	98	95	0	106	105	0	0	0	0	686	654	577	542	162	158	157	150	82	78	0	69	65	0
PBANKA_100710	AATGAAGAGTA	311	294	0	304	288	0	0	316	303	379	365	192	181	259	247	209	198	0	0	0	0	0	0	30	30	48	46	50	47	114	107	98	94	79	76	305	290	122	118	0	0	0	0	88	85	150	143	54	51	72	67	304	292	343	320	287	281	306	295	225	221	246	231	231	216	7	7	0	0	0	0	44	42	34	33	42	38	0	108	99	0	102	98	0	87	81	256	244	158	153	0	0	0	0	107	105	134	133	62	60	0	79	76	0
PBANKA_101270	GATAGAGCGAT	0	0	0	0	0	0	0	0	0	0	0	0	0	0	0	0	0	0	0	0	0	0	0	0	1	0	0	0	0	0	0	0	0	0	0	0	0	0	0	0	0	0	0	0	0	0	0	0	0	0	0	0	0	0	0	0	0	0	0	0	0	0	0	0	0	0	0	0	0	0	0	0	0	0	0	0	0	0	0	0	0	0	0	0	0	0	0	0	0	0	0	0	0	0	0	0	0	0	0	0	0	0	0	0
PBANKA_101530	CCCGATCCTTC	294	281	0	228	222	0	0	289	288	251	240	0	0	0	0	0	0	1	1	0	0	0	0	0	0	0	0	0	0	42	40	42	39	25	25	0	0	1	1	0	0	0	0	0	0	1	1	121	120	117	113	241	233	269	256	266	258	263	255	0	0	0	0	1	1	1	1	0	0	0	0	0	0	0	0	0	0	0	43	43	0	30	29	0	49	46	0	0	0	0	0	0	0	0	0	0	0	0	128	126	0	160	157	0
PBANKA_101620	CGAACGCGACA	160	153	0	187	180	0	0	165	159	191	179	5	5	7	6	9	9	0	0	0	0	0	0	0	0	0	0	0	0	3	3	5	5	2	2	13	14	12	13	0	0	0	0	0	0	0	0	0	0	6	6	163	156	198	190	165	161	166	156	7	7	9	9	11	10	6	6	0	0	0	0	0	0	0	0	1	1	0	7	7	0	3	3	0	2	2	11	9	17	18	0	0	0	0	0	0	0	0	1	1	0	8	9	0
PBANKA_101640	TTAGGAATATA	354	340	0	320	305	0	0	333	321	394	369	16	14	8	7	12	11	716	685	523	497	664	638	180	168	174	164	180	174	58	57	59	54	57	55	23	23	7	8	439	424	211	202	199	181	205	197	42	39	37	36	335	315	334	317	348	329	283	274	11	10	20	18	14	12	609	577	494	473	598	579	164	158	198	187	201	187	0	54	52	0	53	52	0	65	60	17	17	8	8	383	378	316	303	255	243	184	178	43	41	0	45	40	0
PBANKA_101750	CACAAGAGGGA	498	482	0	411	393	0	0	448	422	460	441	1	1	0	0	0	0	406	387	309	290	387	375	248	234	321	306	312	297	138	127	117	113	139	136	0	0	0	0	184	176	185	184	278	266	247	239	149	143	156	150	424	411	454	439	398	385	447	427	0	0	0	0	0	0	392	380	328	310	334	313	224	214	230	222	292	275	0	139	134	0	141	133	0	138	134	0	0	1	1	203	196	285	278	304	284	228	224	214	208	0	173	162	0
PBANKA_101830	CCGCTTGTACA	405	401	0	355	343	0	0	407	395	403	388	285	273	351	337	315	299	219	212	174	169	208	201	332	320	423	409	332	315	355	338	300	290	351	346	315	303	249	241	450	433	290	275	1	1	0	0	0	0	1	1	436	424	383	366	374	363	400	377	275	260	283	278	295	287	213	205	198	195	178	163	331	316	377	360	412	387	0	353	338	0	366	360	0	322	306	280	263	309	299	463	449	394	378	0	1	0	0	0	0	0	0	0	0
PBANKA_101980	GCGTGGAGGCA	310	299	0	262	251	0	0	324	313	337	322	0	0	0	0	1	1	304	293	232	227	237	231	199	187	254	241	242	233	397	381	364	355	390	371	2	0	0	0	34	33	26	26	65	60	100	92	374	355	295	286	303	285	289	270	312	296	313	299	0	0	0	0	0	0	277	270	259	242	229	217	168	158	236	228	244	236	0	380	361	0	359	341	0	380	365	0	0	0	0	27	24	47	43	87	80	95	90	428	415	0	344	332	0
PBANKA_102340	CCGGGTGCCTC	260	249	0	241	232	0	0	224	209	266	256	0	0	0	0	0	0	603	576	507	477	521	484	49	47	56	51	69	62	53	50	43	41	73	69	1	0	0	0	325	311	279	264	87	82	107	100	79	78	95	86	274	259	259	246	264	244	276	264	0	0	0	0	1	1	522	496	478	455	427	411	45	44	60	55	65	61	0	63	61	0	72	70	0	58	54	0	0	0	0	376	355	377	361	120	113	104	97	103	102	0	96	90	0
PBANKA_102410	CATCGCGGAGA	365	352	0	275	264	0	0	337	317	334	309	0	0	0	0	0	0	21	20	22	21	25	23	81	78	77	70	91	86	41	40	39	36	32	32	0	0	0	0	1	1	8	8	17	16	45	41	12	11	24	24	327	317	296	289	319	302	290	281	0	0	0	0	0	0	37	36	19	19	20	20	63	60	60	60	90	85	0	42	40	0	33	30	0	48	44	0	0	0	0	3	4	8	8	21	18	27	26	15	15	0	15	15	0
PBANKA_102820	CTCTCGAATAC	0	0	0	0	1	0	0	0	0	0	0	0	0	0	0	0	0	0	0	0	0	0	0	0	0	0	0	0	0	0	0	0	0	0	0	0	0	0	0	0	0	0	0	0	0	0	0	0	0	0	0	0	0	0	0	0	0	0	0	0	0	0	0	0	0	0	0	0	0	0	0	0	0	0	0	1	1	0	0	0	0	0	0	0	0	0	0	0	0	0	0	0	0	0	0	0	0	0	0	0	0	0	1	0
PBANKA_103010	CGCTCACTGGT	198	186	0	163	160	0	0	213	203	220	209	106	103	112	110	110	102	301	293	266	255	279	267	708	680	768	728	767	741	673	646	621	598	624	595	69	64	57	53	339	324	247	236	0	0	1	0	0	0	0	0	223	215	196	190	197	192	217	207	101	96	115	112	81	78	263	248	244	242	254	247	712	673	774	745	881	844	0	697	660	0	661	643	0	635	616	60	57	45	42	399	382	336	324	0	0	0	0	1	1	0	1	1	0
PBANKA_103150	AATGAAGAGTC	1	0	0	0	0	0	0	0	0	0	0	0	0	0	0	0	0	0	0	0	0	0	0	0	0	0	0	0	0	0	0	0	0	0	0	2	0	0	0	0	0	0	0	1	0	1	0	0	0	0	0	0	0	0	0	0	0	1	2	0	0	0	0	0	0	0	0	0	0	0	0	0	0	0	0	0	0	0	0	0	0	1	0	0	0	0	0	0	0	0	0	0	0	0	0	0	1	0	0	0	0	0	0	0
PBANKA_103270	TACCAAAAGAG	0	0	0	0	0	0	0	0	0	0	0	0	0	0	0	0	0	0	0	0	0	0	0	0	0	0	0	0	0	0	0	0	0	0	0	0	0	0	0	0	0	0	0	0	0	0	0	0	1	0	0	0	0	0	0	0	0	0	0	0	0	0	0	0	0	0	0	0	0	0	0	0	0	0	0	0	0	0	0	0	0	0	0	0	0	0	0	0	0	0	0	0	0	0	0	0	0	0	0	0	0	0	0	0
PBANKA_103440	CGGAGTACGTT	0	0	0	0	0	0	0	0	0	0	0	0	0	0	0	0	0	0	0	0	0	0	0	0	0	0	0	0	0	0	0	0	0	0	0	0	0	0	0	0	0	0	0	0	0	0	0	0	0	0	0	0	0	0	0	0	0	0	0	0	0	1	1	0	0	0	0	0	0	0	0	0	0	0	0	0	0	0	0	0	0	0	0	0	0	0	0	0	0	0	0	0	0	0	0	0	0	0	0	0	0	0	0	0
PBANKA_103520	CAGCAAGTCGT	456	443	0	425	399	0	0	435	421	479	448	402	387	452	438	398	389	913	868	670	644	764	715	62	62	94	87	71	68	13	11	13	13	18	17	828	786	811	778	588	553	463	442	107	101	84	80	31	31	28	23	432	399	454	429	398	381	400	381	398	374	394	377	432	411	719	669	677	643	662	610	72	67	78	76	77	72	0	23	21	0	18	17	0	12	10	824	772	838	797	605	576	657	613	143	142	77	76	25	24	0	34	32	0
PBANKA_103820	GTGCCGGAGTG	467	441	0	413	388	0	0	395	368	479	440	0	0	1	1	3	2	358	336	300	288	365	338	623	587	690	640	686	647	157	153	145	139	147	140	0	0	0	0	129	120	155	144	0	0	0	0	0	0	3	3	462	419	451	424	431	402	387	364	0	0	1	1	1	1	350	337	329	307	362	347	618	577	706	661	799	744	0	146	134	0	131	124	0	131	122	0	0	0	0	140	133	236	220	0	0	0	0	1	0	0	3	3	0
PBANKA_103930	GGTAAAGGTGT	0	0	0	0	0	0	0	0	0	0	0	0	0	0	0	0	0	0	0	0	0	0	0	0	0	0	0	0	0	0	0	0	0	0	0	0	0	0	0	0	0	0	0	0	0	0	0	0	0	0	0	0	0	0	0	0	0	0	0	0	0	0	0	0	0	0	0	0	0	0	0	0	0	0	0	0	0	0	0	0	0	0	1	0	0	0	0	0	0	0	0	0	0	0	0	0	0	0	0	0	0	0	0	0
PBANKA_110330	TAATGCATCGA	0	0	0	0	0	0	0	0	0	0	0	0	0	0	0	0	0	0	0	1	0	0	0	0	0	0	0	0	0	0	0	0	0	0	0	0	0	0	0	0	0	0	0	0	0	0	0	0	0	0	0	0	0	0	0	0	0	0	0	0	0	0	0	0	0	0	0	0	0	0	0	0	0	0	0	0	0	0	0	0	0	0	0	0	0	0	0	0	0	0	0	0	0	0	0	0	0	0	0	0	0	0	0	0
PBANKA_110420	AGTAAGCCTTC	0	0	0	0	0	0	0	0	0	0	0	0	0	0	0	0	0	0	0	0	0	0	0	0	0	0	0	0	0	0	0	0	0	0	0	0	0	0	0	0	0	0	0	0	0	0	0	0	0	0	0	0	0	0	0	0	0	0	0	0	0	1	1	0	0	0	0	0	0	0	0	0	0	0	0	0	0	0	0	0	0	0	0	0	0	0	0	0	0	0	0	0	0	0	0	0	0	0	0	0	0	0	0	0
PBANKA_110690	CATATCAGCGT	546	530	0	425	407	0	0	451	423	488	466	3	2	4	4	0	0	1010	955	802	768	984	930	224	215	232	219	231	223	608	578	527	502	604	568	2	1	1	1	1530	1480	972	927	196	185	93	84	721	690	592	573	491	456	472	454	426	408	419	397	2	1	5	5	2	2	952	909	851	817	918	864	219	209	209	198	253	237	0	650	611	0	580	556	0	523	500	0	0	0	0	1590	1534	1367	1295	238	224	119	111	832	795	1	649	618	1
PBANKA_110700	AGTGTGGGCTC	0	0	0	0	0	0	0	0	0	0	0	0	0	0	0	0	0	0	0	0	0	0	0	0	0	0	0	0	0	0	0	0	0	0	0	0	0	0	0	0	0	0	0	0	0	0	0	0	0	0	0	0	0	0	0	0	0	0	0	0	0	0	0	0	0	0	0	0	0	0	0	0	0	0	0	0	0	0	1	0	0	0	0	0	0	0	0	0	0	0	0	0	0	0	0	0	0	0	0	0	0	0	0	0
PBANKA_111080	CGATTGTATAT	357	347	0	255	244	0	0	332	308	344	320	0	0	1	1	0	0	0	0	0	0	0	0	72	72	77	74	57	51	28	24	14	14	13	13	0	0	0	0	0	0	0	0	120	113	82	78	32	31	22	22	313	295	310	302	294	283	266	253	0	0	1	1	0	0	7	6	0	0	0	0	64	61	80	77	72	70	0	23	22	0	23	22	0	23	22	0	0	0	0	0	0	0	0	111	105	81	79	42	38	0	13	12	0
PBANKA_111430	CATAGGTTCTG	497	468	0	375	354	0	0	430	418	486	450	1046	996	1225	1175	1297	1237	200	191	157	148	202	194	97	90	114	112	82	77	125	124	102	100	117	111	3678	3518	2873	2741	145	142	150	145	104	95	80	72	74	74	86	81	511	487	429	415	405	385	415	398	1200	1124	1299	1218	1153	1080	219	208	163	158	171	163	88	83	99	94	117	110	0	151	137	0	116	113	0	94	86	3463	3272	3248	3080	143	140	194	181	101	97	71	67	116	108	0	102	97	0
PBANKA_111440	GAAGTGCGTAT	556	521	0	446	424	0	0	545	509	569	523	476	440	561	539	516	494	1	1	0	0	1	1	254	237	290	269	307	298	245	241	218	202	205	193	3	3	0	0	0	0	1	1	48	43	20	20	45	39	70	67	532	502	510	480	489	465	428	410	457	426	596	551	470	441	17	14	0	0	0	0	287	274	254	236	327	308	0	236	226	0	229	210	0	197	187	1	1	0	0	0	0	0	0	62	57	24	19	55	51	0	79	71	0
PBANKA_111780	TAATTGCTGAC	0	0	0	0	0	0	0	0	0	0	0	0	0	0	0	0	0	0	0	0	0	0	1	0	0	0	0	0	0	0	0	0	0	0	0	0	0	0	0	0	0	0	0	0	0	0	0	0	0	0	0	0	0	0	0	0	0	0	0	0	0	0	0	0	0	0	0	0	0	0	0	0	0	0	0	0	0	0	0	0	0	0	0	0	0	0	0	0	0	0	0	0	0	0	0	0	0	0	0	0	0	0	0	0
PBANKA_112000	TGTAGGCTACC	0	0	0	0	0	0	0	0	0	0	0	0	0	0	0	0	0	0	0	0	0	0	0	0	0	0	0	0	0	0	0	0	0	0	0	0	0	0	0	0	0	0	0	0	0	0	0	0	0	0	0	0	0	0	0	0	0	1	0	0	0	0	0	0	0	0	0	0	0	0	0	0	0	0	0	0	0	0	0	0	0	0	0	0	0	0	0	0	0	0	0	0	0	0	0	0	0	0	0	0	0	0	0	0
PBANKA_112030	TTCACGGGCAA	0	0	0	0	0	0	0	0	0	0	0	0	0	0	0	0	0	0	0	0	0	0	0	0	0	0	1	0	0	0	0	0	0	0	0	0	0	0	0	0	0	0	0	0	0	0	0	0	0	0	0	0	0	0	0	0	0	0	0	0	0	0	0	0	0	0	0	0	0	0	0	0	0	0	0	0	0	0	0	0	0	0	0	0	0	0	0	0	0	0	0	0	0	0	0	0	0	0	0	0	0	0	0	0
PBANKA_112040	GAGCAAACGCA	445	426	0	359	349	0	0	427	413	435	415	838	808	983	940	964	928	332	318	261	253	276	269	488	464	506	493	515	502	551	525	550	527	537	515	99	96	9	9	0	0	5	5	597	572	477	453	590	564	661	637	469	451	417	400	409	393	393	380	897	870	973	943	933	906	303	293	223	212	245	233	453	430	531	508	604	587	1	572	552	0	516	502	0	545	532	96	89	15	13	5	4	10	10	637	606	478	459	697	659	0	816	789	0
PBANKA_112100	GTCCCTGGCTC	535	504	0	445	423	0	0	424	397	510	485	412	391	520	493	408	393	417	403	295	282	308	291	437	412	509	476	545	524	339	322	250	245	313	294	19	18	0	0	2	2	3	3	627	594	520	488	383	371	371	358	505	478	459	433	466	438	480	455	513	484	458	429	429	405	371	353	307	294	348	329	443	418	509	487	562	537	0	341	321	0	308	301	0	280	264	24	23	2	2	6	7	9	7	595	565	522	496	430	413	0	478	467	0
PBANKA_112110	CGACCGCGCAT	86	80	0	107	100	0	0	97	92	92	92	66	64	93	93	80	77	86	85	68	61	48	46	26	25	32	26	25	26	96	92	80	77	59	57	92	91	55	53	67	63	72	68	37	36	53	49	130	123	69	69	120	118	95	90	115	111	108	101	87	87	91	92	90	87	87	85	52	50	64	62	33	33	41	41	36	35	0	91	89	0	76	71	0	74	71	76	74	75	69	79	76	115	107	40	36	38	33	165	162	0	91	86	0
PBANKA_112190	ATCAGGTACCA	369	355	0	299	295	0	0	342	326	375	360	199	193	235	224	239	226	202	198	179	172	206	196	68	62	90	82	79	78	132	130	118	107	125	120	199	199	240	226	284	275	193	196	108	102	90	93	129	126	185	178	342	335	350	334	314	304	327	314	197	190	248	234	211	205	223	229	162	153	189	185	77	75	96	94	103	98	0	147	135	0	137	138	0	123	116	159	158	220	216	306	296	309	292	133	125	71	68	129	126	0	212	198	0
PBANKA_112690	AGAGGTCGGGT	403	383	0	365	339	0	0	405	376	423	404	0	0	0	0	0	0	0	0	0	0	0	1	0	0	0	0	1	1	1	1	0	0	0	0	0	0	1	1	0	0	0	0	0	0	0	0	0	0	0	0	391	372	325	309	381	364	362	346	0	0	0	0	2	2	2	2	0	0	0	0	0	0	0	0	0	0	0	0	0	0	0	0	0	0	0	0	0	0	0	0	0	0	0	0	0	0	0	0	0	0	0	0	0
PBANKA_112710	CTCCCAGTTTT	0	0	0	0	0	0	0	0	0	0	0	0	0	0	0	0	0	0	0	0	0	0	0	1	1	0	0	0	0	0	0	0	0	0	0	0	0	0	0	0	0	0	0	0	0	0	0	0	0	0	0	0	0	0	0	0	0	0	0	0	0	0	0	0	0	0	0	0	0	0	0	0	0	0	0	0	0	0	0	0	0	0	0	0	0	0	0	0	0	0	0	0	0	0	0	0	0	0	0	0	0	0	0	0
PBANKA_113490	AATGTCAAAAA	400	388	0	370	357	0	0	452	433	510	492	46	46	61	59	50	49	391	377	261	255	305	287	0	0	0	0	0	0	125	116	111	108	103	101	71	68	35	35	0	0	0	0	0	1	0	0	136	132	159	154	393	375	409	389	419	392	425	403	57	55	56	54	61	58	293	277	278	270	243	231	0	0	0	0	0	0	0	145	132	0	117	108	0	110	107	66	60	45	41	0	0	0	0	0	0	0	0	181	172	0	162	157	0
PBANKA_113890	CCCTACCTTTG	540	526	0	414	399	0	0	547	545	587	584	306	311	371	361	349	355	121	117	91	91	96	93	389	379	495	479	413	403	398	392	340	334	339	336	183	174	182	186	90	89	37	38	413	419	464	455	349	343	428	427	486	480	532	531	382	379	483	468	338	339	379	367	309	301	103	98	83	84	78	76	419	411	486	473	514	520	0	316	309	0	342	334	0	319	320	167	167	203	198	104	105	61	61	469	461	438	434	558	554	0	548	530	0
PBANKA_113940	TGCGCGCGGGT	0	0	0	0	0	0	0	0	0	0	0	0	0	0	0	0	0	0	0	0	0	0	0	0	0	0	0	0	0	0	0	0	0	0	0	0	0	0	0	0	0	0	0	0	0	0	0	0	0	0	0	0	0	0	0	0	0	0	0	0	0	0	0	0	0	0	0	0	0	0	0	0	0	0	0	0	0	0	0	0	0	0	0	0	1	0	0	0	0	0	0	0	0	0	0	0	0	0	0	0	0	0	0	0
PBANKA_114500	AATGCATACGA	0	0	0	0	0	0	0	0	0	0	1	0	0	0	0	0	0	0	0	0	0	0	0	0	0	0	0	0	0	0	0	0	0	0	0	0	0	0	0	0	0	0	0	0	0	0	0	0	0	0	0	0	0	0	0	0	0	0	0	0	0	0	0	0	0	0	0	0	0	0	0	0	0	0	0	0	0	0	0	0	0	0	0	0	0	0	0	0	0	0	0	0	0	0	0	0	0	0	0	0	0	0	0	0
PBANKA_120200	CTAGAGGTTTA	313	298	0	259	248	0	0	258	250	265	248	12	12	6	6	8	8	21	19	20	19	21	19	4	4	1	1	1	1	9	9	8	8	13	11	36	32	0	0	10	9	6	6	0	0	0	0	7	7	0	0	280	274	280	262	277	261	233	226	11	11	3	3	9	8	22	22	12	11	16	15	3	3	3	3	2	1	0	18	16	0	11	11	0	5	5	36	33	0	0	8	8	9	8	0	0	0	0	18	15	0	0	0	0
PBANKA_121270	CGTGGGGCGGC	0	0	0	0	0	0	0	0	0	0	0	0	0	0	0	0	0	0	0	0	0	0	0	0	0	0	0	0	0	0	0	0	0	0	0	0	0	0	0	0	0	0	0	0	0	0	0	0	0	0	0	0	0	0	0	0	0	0	0	0	0	0	0	0	0	0	0	0	0	0	0	0	0	0	0	0	0	0	0	0	0	0	0	0	0	0	0	0	0	0	0	0	0	0	0	0	1	0	0	0	0	0	0	0
PBANKA_121800	AGGGAGAAGAG	0	0	0	0	0	0	0	0	0	0	0	0	0	0	0	0	0	0	0	0	0	0	0	0	0	0	0	0	1	0	0	0	0	0	1	0	0	0	0	0	0	0	0	0	0	0	0	0	0	0	0	0	0	0	0	0	0	0	0	0	0	0	0	0	0	0	0	0	0	0	0	0	0	0	0	0	0	0	0	0	0	0	0	0	0	0	0	0	0	0	0	0	0	0	0	0	0	0	0	0	0	0	0	0
PBANKA_121880	TGTTCACCGGG	0	0	0	0	0	0	0	0	0	0	0	0	0	0	0	0	0	0	0	0	0	0	0	0	0	0	0	0	0	0	0	0	0	0	0	0	0	0	0	0	0	0	0	0	0	0	0	0	0	0	0	0	0	0	0	0	0	0	0	0	0	0	0	0	0	0	0	0	0	0	0	0	0	0	0	0	0	0	0	0	0	0	0	0	0	0	0	1	0	0	0	0	0	0	0	0	0	0	0	0	0	0	0	0
PBANKA_122230	AAGAAAGAAAT	1157	1110	0	968	929	0	0	1056	1019	1240	1182	989	941	1231	1183	1075	1027	1657	1566	1251	1178	1452	1385	1119	1073	1350	1282	1349	1280	1078	1037	1029	983	1125	1059	1128	1079	893	857	1432	1361	1169	1103	1679	1582	1683	1600	1340	1280	1053	1006	1085	1028	989	943	1015	969	971	935	953	907	1111	1045	1075	1016	1466	1396	1263	1205	1312	1253	1113	1053	1252	1206	1449	1374	0	1175	1103	1	1102	1051	1	934	888	1052	996	1038	975	1497	1426	1750	1653	1742	1656	1507	1419	1480	1408	0	1231	1172	0
PBANKA_122580	GAGATGCTCTT	333	317	0	260	248	0	0	270	258	292	278	0	0	0	0	0	0	0	0	0	0	0	0	0	0	0	0	0	0	3	3	4	4	3	3	0	0	0	0	0	0	0	0	0	0	0	0	0	0	24	23	297	283	282	271	280	261	233	218	0	0	0	0	1	1	7	6	0	0	0	0	0	0	0	0	0	0	0	4	4	0	5	5	0	3	3	0	0	0	0	0	0	0	0	0	0	0	0	0	0	0	32	32	0
PBANKA_123330	TATTTAGCGGC	0	0	0	0	0	0	0	0	0	0	1	0	0	0	0	0	0	0	0	0	0	0	0	0	0	0	0	0	0	0	0	0	0	0	0	0	0	0	0	0	0	0	0	0	0	0	0	0	0	0	0	0	0	0	0	0	0	0	0	0	0	0	0	0	0	0	0	0	0	0	0	0	0	0	0	0	0	0	0	0	0	0	0	0	0	0	0	0	0	0	0	0	0	0	0	0	0	0	0	0	0	0	0	0
PBANKA_123400	GGTTAAGCTTT	1	1	0	0	2	0	0	0	0	0	2	1	10	1	6	1	3	2	5	0	5	1	10	1	2	1	9	2	13	1	10	3	8	0	11	0	1	0	0	0	0	0	0	3	14	1	13	3	9	2	10	0	0	1	3	0	0	0	2	0	7	1	1	2	3	2	8	0	2	1	2	0	9	9	12	3	10	0	1	4	0	2	11	0	3	14	0	0	0	0	0	0	0	0	4	9	3	12	2	9	0	0	12	0
PBANKA_123430	TGTCTAGGGAG	0	0	0	0	0	0	0	0	0	0	0	0	0	0	0	0	0	0	0	0	0	0	0	0	0	0	0	0	0	0	0	0	0	0	0	0	0	0	0	0	0	0	0	0	0	0	0	0	0	0	0	0	0	0	0	0	0	0	0	0	0	1	0	0	0	0	0	0	0	0	0	0	0	0	0	0	0	0	0	0	0	0	0	0	0	0	0	0	0	0	0	0	0	0	0	0	0	0	0	0	0	0	0	0
PBANKA_123640	TTCAACTTTGT	369	351	0	345	332	0	0	371	365	381	371	0	0	0	0	0	0	562	549	420	398	487	462	23	23	28	26	16	16	88	83	74	68	79	76	0	0	0	0	4	4	13	14	30	29	0	0	132	128	124	120	322	313	351	339	376	358	372	358	0	0	0	0	0	0	531	501	446	433	436	413	18	18	12	12	25	24	0	93	92	0	78	75	0	80	76	0	0	0	0	12	11	15	16	29	26	0	0	166	158	0	136	128	0
PBANKA_123680	AAGAGCGGACA	0	0	0	0	0	0	0	0	0	0	0	0	0	0	0	0	0	0	0	0	0	0	0	0	0	0	0	0	0	0	0	0	0	0	0	0	0	0	0	0	0	0	0	0	0	0	0	0	0	0	0	0	0	0	0	0	0	0	0	0	0	0	0	0	0	0	0	0	1	0	0	0	0	0	0	0	0	0	0	0	0	0	0	0	0	0	0	0	0	0	0	0	0	0	0	0	0	0	0	0	0	0	0	0
PBANKA_123780	GATAACTCTTC	0	0	0	0	0	0	0	0	0	0	0	0	0	0	0	0	0	0	0	0	0	0	0	0	0	0	0	0	0	1	0	0	0	0	0	0	0	0	0	0	0	0	0	0	0	0	0	0	0	0	0	0	0	0	0	0	0	0	0	0	0	0	0	0	0	0	0	0	0	0	0	0	0	0	0	0	0	0	0	0	0	0	0	0	0	0	0	0	0	0	0	0	0	0	0	0	0	0	0	0	0	0	0	0
PBANKA_123840	GACCAACATGG	0	0	0	0	0	0	0	0	0	0	0	0	0	0	0	0	0	0	0	0	0	0	0	0	0	0	0	0	0	0	0	0	0	0	0	1	1	0	0	0	0	0	0	0	0	0	0	0	0	0	0	0	0	0	0	0	0	0	0	0	0	0	0	0	0	0	0	0	0	0	0	0	0	0	0	0	0	0	0	0	0	0	0	0	0	0	0	0	0	0	0	0	0	0	0	0	0	0	0	0	0	1	1	0
PBANKA_124060	GCCTCCTATTT	0	0	0	0	0	0	0	0	0	0	0	0	0	0	0	0	0	0	0	0	0	0	0	1	0	0	0	0	0	0	0	0	0	0	0	0	0	0	0	0	0	0	0	0	0	0	0	0	0	0	0	0	0	0	0	0	0	0	0	0	0	0	0	0	0	0	0	0	0	0	0	0	0	0	0	0	0	0	0	0	0	0	0	0	0	0	0	0	0	0	0	0	0	0	0	0	0	1	0	0	0	0	0	0
PBANKA_124100	CCAGTGTCCAT	287	270	0	256	244	0	0	294	272	279	265	610	580	742	711	696	659	17	16	23	22	31	30	502	477	545	517	525	505	52	51	57	55	67	61	575	554	362	345	52	52	16	16	272	266	360	347	32	28	51	50	290	272	246	236	282	262	265	254	640	616	697	657	626	602	34	34	20	20	14	15	488	463	550	529	575	547	0	52	51	0	51	48	0	45	42	575	544	407	384	50	48	21	20	331	316	366	348	43	40	0	73	71	0
PBANKA_124200	TTTCTGGTAAG	449	428	0	343	323	0	0	412	395	431	397	1493	1409	2032	1924	1891	1808	58	56	48	44	66	62	107	99	117	110	105	100	103	96	102	96	81	76	1529	1452	1297	1215	62	61	31	27	120	114	153	143	80	74	31	31	459	433	421	398	374	353	386	364	1685	1591	1923	1822	1771	1669	79	73	58	55	44	40	96	90	94	88	124	115	0	107	104	0	84	77	0	76	72	1472	1380	1425	1357	84	81	63	59	105	98	142	139	82	75	0	44	43	0
PBANKA_124220	CCCAGCTTGAA	438	431	0	399	398	0	0	441	439	478	472	49	49	58	59	46	46	358	355	271	269	249	244	79	77	113	116	103	99	33	31	38	39	36	34	93	94	46	43	437	434	407	406	176	170	218	214	66	65	73	72	378	382	457	448	425	414	417	403	34	33	43	44	47	47	317	316	286	278	256	252	88	94	87	82	122	118	0	40	40	0	30	31	0	35	36	94	90	64	66	488	498	673	654	132	134	232	226	89	92	0	38	40	0
PBANKA_124510	CTCTAAATGGT	0	0	0	0	0	0	0	0	0	0	0	0	0	0	0	0	0	0	0	0	0	0	0	0	0	0	0	0	0	0	0	0	0	0	0	0	0	0	0	0	0	0	0	0	0	0	0	0	0	0	0	0	0	0	0	0	0	0	0	0	0	0	0	0	0	0	0	0	0	0	0	0	0	0	0	0	0	0	0	0	0	0	0	0	0	0	0	0	0	0	0	0	0	0	0	0	0	0	1	0	0	0	0	0
PBANKA_130690	GCAGGTTCCGG	481	451	0	382	362	0	0	470	442	459	427	471	446	618	596	522	491	276	253	217	209	206	196	70	66	92	86	76	73	325	307	236	230	294	272	613	568	476	435	133	125	91	84	210	197	143	137	365	339	246	229	498	466	446	415	430	399	388	361	530	495	534	503	457	419	245	232	216	203	219	206	67	67	93	87	98	94	0	358	322	0	342	321	0	258	233	565	529	487	465	138	126	120	110	227	218	175	162	366	349	0	247	235	0
PBANKA_130960	ATGAGAAGATG	357	338	0	281	258	0	0	336	317	383	367	462	430	586	552	502	480	0	0	0	0	0	0	64	62	104	95	92	89	363	337	309	297	327	305	660	627	471	453	0	0	0	0	111	105	107	99	318	304	325	308	261	240	324	315	311	297	312	288	529	503	524	492	500	477	7	6	1	1	0	0	78	72	80	67	86	81	0	359	326	0	338	322	0	257	239	570	547	511	485	1	1	1	1	136	125	91	86	400	376	0	362	346	0
PBANKA_131000	ATTATCTTTAC	0	0	0	0	0	0	0	0	0	0	0	0	0	0	0	0	0	0	0	0	0	0	0	0	0	0	0	0	0	0	0	0	0	0	0	0	0	0	0	0	0	0	0	0	0	0	0	0	0	0	0	0	0	0	0	0	0	0	0	0	0	0	0	0	0	0	0	0	0	0	0	0	0	0	0	0	1	0	0	0	0	0	0	0	0	0	0	0	0	0	0	0	0	0	0	0	0	0	0	0	0	0	0	0
PBANKA_131070	GTAGCTAGGAA	0	0	0	0	0	0	0	0	0	0	0	0	0	0	0	0	0	1	1	0	0	0	0	0	0	0	0	0	0	0	0	0	0	0	0	0	0	0	0	0	0	0	0	0	0	0	0	0	0	0	0	0	0	0	0	0	0	0	0	0	0	0	0	0	0	0	0	0	0	0	0	0	0	0	0	0	0	0	0	0	0	0	0	0	0	0	0	0	0	0	0	0	0	0	0	0	0	0	0	0	0	0	0	0
PBANKA_131140	TAACTAACCTG	0	0	0	0	0	0	0	0	0	0	0	0	0	0	0	0	0	0	0	0	0	0	0	0	0	0	0	1	1	0	0	0	0	0	0	0	0	0	0	0	0	0	0	0	0	0	0	0	0	0	0	0	0	0	0	0	0	0	0	0	0	0	0	0	0	0	0	0	0	0	0	0	0	0	0	0	0	0	0	0	0	0	0	0	0	0	0	0	0	0	0	0	0	0	0	0	0	0	0	0	0	0	0	0
PBANKA_131510	AGCTGGAGTTT	411	401	0	354	337	0	0	430	411	410	380	10	10	11	12	6	7	0	0	0	0	1	2	158	148	168	157	184	170	313	299	234	224	265	248	0	0	4	3	0	0	1	1	342	334	261	245	210	205	195	186	389	369	435	418	381	361	383	352	12	11	9	9	19	18	7	6	0	0	0	0	162	156	196	188	203	193	0	292	273	0	263	253	0	228	218	0	0	3	3	0	0	0	0	360	342	274	254	241	226	0	209	201	0
PBANKA_131720	GGGCGTCTCCC	414	396	0	371	352	0	0	395	381	428	410	0	0	0	0	0	0	252	241	216	207	263	249	253	244	258	247	246	234	222	209	218	210	240	227	0	1	0	0	478	454	317	301	286	261	257	243	279	268	289	278	412	389	383	369	374	357	347	325	0	0	1	1	1	1	244	226	194	184	254	241	233	221	256	250	271	263	0	229	210	0	227	211	0	234	222	0	0	0	0	478	451	421	408	367	345	251	235	332	319	0	325	303	0
PBANKA_132190	CCGCTGACCAG	0	0	0	0	0	0	0	0	0	0	0	0	0	0	0	0	0	0	0	0	0	0	0	0	0	0	0	0	0	0	0	0	0	0	0	0	0	0	0	0	0	0	0	0	0	0	0	0	0	0	0	0	0	0	0	0	0	0	0	0	0	0	0	0	0	0	0	0	0	0	0	0	0	0	1	0	0	0	0	0	0	0	0	0	0	0	0	0	0	0	0	0	0	0	0	0	0	0	0	0	0	0	0	0
PBANKA_132240	CTCATACCCCT	0	0	0	0	0	0	0	0	0	0	0	0	0	0	0	0	0	0	0	0	1	0	0	0	0	0	0	0	0	0	0	0	0	0	0	0	0	0	0	0	0	0	0	0	0	0	0	0	0	0	0	0	0	0	0	0	0	0	0	0	0	0	0	0	0	0	0	0	0	0	0	0	0	0	0	0	0	0	0	0	0	0	0	0	0	0	0	0	0	0	0	0	0	0	0	0	0	0	0	0	0	0	0	0
PBANKA_132360	ACTTACGGCTG	0	0	0	0	0	0	0	0	0	0	0	0	0	0	0	0	0	0	0	0	0	0	0	0	0	0	0	0	0	0	0	0	0	0	0	0	0	0	0	0	0	0	0	0	0	0	0	0	0	0	0	0	0	0	0	0	0	0	0	0	0	0	0	0	0	0	0	0	0	0	0	0	0	0	0	0	0	0	0	0	0	0	0	0	0	0	0	0	0	0	0	0	0	1	0	0	0	0	0	0	0	0	0	0
PBANKA_132890	ATTCGGTCGAG	507	473	0	402	386	0	0	452	427	518	494	493	475	582	561	518	496	277	253	241	230	265	254	1185	1146	1394	1309	1298	1254	703	661	650	610	661	630	888	848	473	452	416	396	378	364	1074	1024	1073	1042	618	584	410	392	518	487	491	465	430	407	460	437	570	535	592	557	540	524	255	247	217	208	242	235	1229	1164	1343	1274	1496	1418	0	739	696	0	666	630	0	653	622	867	831	537	517	498	471	591	565	1088	1041	1077	1034	718	695	0	533	500	0
PBANKA_133560	TTTTCGCCGTA	501	485	0	417	395	0	0	421	408	496	468	1330	1276	1679	1596	1358	1305	1461	1398	1109	1046	1425	1340	443	415	550	526	515	491	367	351	342	323	345	321	1253	1200	1214	1167	1219	1168	775	730	533	507	431	410	332	313	193	187	457	430	426	410	401	383	403	389	1206	1145	1462	1393	1428	1370	1243	1169	1197	1141	1174	1110	472	456	509	495	585	552	0	400	382	0	379	371	0	339	328	1184	1126	1242	1196	1212	1151	1153	1086	545	531	400	384	378	360	0	256	246	0
PBANKA_133910	GGGCCGCAGCG	0	0	0	0	0	0	0	0	0	0	0	0	0	0	0	0	0	0	0	0	0	0	0	0	0	0	0	0	0	0	0	0	0	0	0	0	0	0	0	0	0	0	0	0	0	0	0	0	0	0	0	0	0	0	0	0	1	0	0	0	0	0	0	0	0	0	0	0	0	0	0	0	0	0	0	0	0	0	0	0	0	0	0	0	0	0	0	0	0	0	0	0	0	0	0	0	0	0	0	0	0	0	0	0
PBANKA_134090	TAAAAATGCAA	0	0	0	0	0	0	0	0	0	0	0	0	0	0	0	0	0	0	0	0	0	0	0	0	0	0	0	0	0	0	0	0	0	0	0	0	0	0	0	0	0	0	0	0	0	0	0	0	0	0	0	0	0	0	0	1	0	0	0	0	0	0	0	0	0	0	0	0	0	0	0	0	0	0	0	0	0	0	0	0	0	0	0	0	0	0	0	0	0	0	0	0	0	0	0	0	0	0	0	0	0	0	0	0
PBANKA_134250	TTATCGCCTCC	179	169	0	182	179	0	0	219	212	240	235	0	0	0	0	0	0	0	0	0	0	0	0	0	0	0	0	0	0	3	2	5	5	0	0	0	0	0	0	0	0	0	0	0	0	0	0	0	0	0	0	164	159	201	189	228	225	199	194	0	0	0	0	0	0	5	5	0	0	0	0	0	0	0	0	0	0	0	3	3	0	5	5	0	2	2	0	0	0	0	0	0	0	0	0	0	0	0	1	1	0	0	0	0
PBANKA_134490	GATGTGGAAAG	0	0	0	0	0	0	0	0	0	0	0	0	0	0	0	0	0	0	0	0	0	0	0	0	0	0	1	0	0	0	0	0	0	0	0	0	0	0	0	0	0	0	0	0	0	0	0	0	0	0	0	0	0	0	0	0	0	0	0	0	0	0	0	0	0	0	0	0	0	0	0	0	0	0	0	0	0	0	0	0	0	0	0	0	0	0	0	0	0	0	0	0	0	0	0	0	0	0	0	0	0	0	0	0
PBANKA_134520	AATAGTGGCTC	0	0	0	0	0	0	0	0	0	0	0	0	0	0	0	0	0	0	0	0	0	0	0	0	0	0	0	0	0	0	0	0	0	0	0	0	0	0	0	0	0	0	0	0	0	0	0	0	0	0	0	0	0	0	0	0	0	0	1	0	0	0	0	0	0	0	0	0	0	0	0	0	0	0	0	0	0	0	0	0	0	0	0	0	0	0	0	0	0	0	0	0	0	0	0	0	0	0	0	0	0	0	0	0
PBANKA_134870	CTTCAGCCGTC	0	0	0	0	0	0	0	0	0	0	0	0	0	0	0	0	0	0	0	0	0	0	0	0	0	0	0	0	0	0	0	0	0	0	0	0	0	0	0	0	0	0	0	0	0	0	0	0	0	0	0	0	0	0	0	0	0	0	0	0	0	0	0	0	0	0	0	0	0	1	0	0	0	0	0	0	0	0	0	0	0	0	0	0	0	0	0	0	0	0	0	0	0	0	0	0	0	0	0	0	0	0	0	0
PBANKA_134910	CACAAAACGAT	0	0	0	0	0	0	0	0	0	0	0	0	0	0	0	0	0	0	0	0	0	0	0	0	0	0	0	0	0	0	0	0	0	0	0	0	0	0	0	0	0	0	0	0	0	0	0	0	0	0	0	0	0	0	0	0	0	0	0	0	0	0	0	0	0	0	0	0	0	0	0	0	0	0	0	0	0	0	0	0	0	0	1	0	0	0	0	0	0	0	0	0	0	0	0	0	0	0	0	0	0	0	0	0
PBANKA_134950	GAGTAAGGAGT	0	0	0	0	0	0	0	0	0	0	0	0	0	0	0	0	0	0	0	0	0	0	0	0	0	0	0	0	0	0	0	0	0	0	0	0	0	0	0	0	0	0	0	0	0	0	0	0	0	0	0	0	0	0	0	0	0	0	0	0	0	0	0	0	0	0	0	0	0	0	0	0	0	0	0	0	0	0	0	0	0	0	0	0	0	0	0	0	0	0	0	0	0	0	0	0	0	1	0	0	0	0	0	0
PBANKA_135040	CCTCGTCGACA	0	0	0	0	0	0	0	0	0	0	0	0	0	0	0	0	0	0	0	0	0	0	0	0	0	0	0	0	0	0	0	0	0	0	0	0	0	0	0	0	0	0	0	0	0	0	0	0	0	0	0	0	0	0	0	0	1	0	0	0	0	0	0	0	0	0	0	0	0	0	0	0	0	0	0	0	0	0	0	0	0	0	0	0	0	0	0	0	0	0	0	0	0	0	0	0	0	0	0	0	0	0	0	0
PBANKA_135280	TCCTCCGTGCT	0	1	0	0	0	0	0	0	0	0	0	0	0	0	0	0	0	0	0	0	0	0	0	0	0	0	0	0	0	0	0	0	0	0	0	0	0	0	0	0	0	0	0	0	0	0	0	0	0	0	0	0	0	0	0	0	0	0	0	0	0	0	0	0	0	0	0	0	0	0	0	0	0	0	0	0	0	0	0	0	0	0	0	0	0	0	0	0	0	0	0	0	0	0	0	0	0	0	0	0	0	0	0	0
PBANKA_135590	AGCCTCGCCTC	274	267	0	236	223	0	0	246	240	240	231	132	127	160	150	126	122	120	117	122	120	127	125	290	277	318	307	330	323	143	137	127	123	121	119	134	128	96	93	57	53	36	36	403	397	497	482	47	45	83	83	268	259	274	262	230	222	222	213	131	128	148	140	128	126	148	141	125	118	114	106	270	254	311	309	297	286	0	120	113	0	155	145	0	129	129	126	123	107	105	44	43	40	39	436	430	503	483	56	57	0	101	94	0
PBANKA_135740	CGAGTGATCCA	0	0	0	0	0	0	0	0	0	0	0	0	0	0	0	0	0	0	0	0	0	0	0	0	0	0	0	0	0	0	0	0	0	0	0	0	0	0	0	0	0	0	0	0	0	0	0	0	0	0	0	0	0	0	0	0	0	0	0	0	0	0	0	0	0	0	0	0	0	0	0	0	0	0	0	0	0	0	0	0	0	0	0	0	0	0	0	0	0	0	0	0	0	0	0	0	0	0	0	0	0	1	0	0
PBANKA_135920	GTAGTCTGCAT	337	316	0	235	223	0	0	335	314	378	354	245	229	307	296	223	211	749	706	577	546	644	601	201	193	207	182	223	209	498	465	395	374	442	413	123	115	82	78	251	228	289	279	120	114	130	119	298	283	272	264	294	278	292	281	283	265	287	275	271	260	283	268	238	223	612	575	587	560	564	529	194	184	182	169	257	241	0	560	538	0	469	444	0	416	396	124	115	75	68	237	225	380	368	126	121	158	150	380	365	0	313	295	0
PBANKA_135960	CCCTCAAATAC	703	702	0	550	547	0	0	695	685	802	802	2215	2183	2633	2578	2519	2491	1098	1096	821	809	926	921	2294	2236	2554	2514	2429	2416	3527	3483	3133	3090	3353	3299	4327	4302	3409	3410	2062	2073	1610	1598	1	3	1	1	41	42	48	44	611	610	625	610	621	619	688	679	2241	2243	2495	2465	2428	2395	1004	996	786	786	862	835	2243	2205	2467	2450	2826	2819	0	3582	3524	0	3278	3258	0	3208	3196	4150	4142	3876	3842	2089	2080	2302	2311	0	0	0	1	42	47	0	49	51	0
PBANKA_135970	GTTTAAGCTTT	681	646	0	484	461	0	0	579	548	611	576	2400	2298	2819	2680	2578	2472	3754	3583	2871	2730	3230	3066	4748	4522	5748	5464	5574	5305	5656	5353	4955	4735	5350	5092	15	12	13	9	2	3	11	9	5864	5550	5621	5326	5759	5491	5425	5171	557	533	524	500	496	473	491	475	2620	2498	2730	2600	2773	2636	3202	3044	2852	2737	3049	2888	4822	4585	5236	5017	6126	5828	0	5528	5241	0	5156	4877	0	4871	4639	7	5	7	8	5	7	12	10	6161	5899	5415	5116	6637	6380	0	6147	5821	0
PBANKA_136150	CTGCCCTTTGA	295	280	0	230	222	0	0	280	275	293	282	632	604	788	760	710	681	618	597	472	456	601	580	168	162	138	131	138	134	70	70	51	51	57	55	715	692	527	512	657	640	523	507	29	30	70	70	17	16	15	15	256	245	260	255	243	235	206	199	706	677	807	771	718	690	571	538	485	465	523	504	137	132	144	140	202	202	0	65	63	0	63	65	0	59	60	587	554	563	543	735	706	636	610	33	31	57	56	21	18	0	15	14	0
PBANKA_136160	CGAGTATGCAG	0	0	0	0	0	0	0	0	0	0	0	0	0	0	0	0	0	0	0	0	0	0	0	0	0	0	0	0	0	0	0	0	0	0	0	0	0	0	0	0	0	0	0	1	0	0	0	0	0	0	0	0	0	0	0	0	0	0	0	0	0	0	0	0	0	0	0	0	0	0	0	0	0	0	0	0	0	0	0	0	0	0	0	0	0	0	0	0	0	0	0	0	0	0	0	0	0	0	0	0	0	0	0	0
PBANKA_141130	CATCAAGCTCT	0	0	0	0	0	0	0	0	0	0	0	0	0	0	0	0	0	0	0	0	0	0	0	0	0	0	0	0	0	0	0	0	0	0	0	0	0	0	0	0	0	0	0	0	0	0	1	0	0	0	0	0	0	0	0	0	0	0	0	0	0	0	0	0	0	0	0	0	0	0	0	0	0	0	0	0	0	0	0	0	0	0	0	0	0	0	0	0	0	0	0	0	0	0	0	0	0	0	0	0	0	0	0	0
PBANKA_141260	AAAAGCCAGGC	0	0	0	0	0	0	0	0	0	0	0	0	0	0	0	0	0	0	0	0	0	0	0	0	0	0	0	0	0	0	0	0	0	0	0	0	0	0	0	0	0	0	0	0	0	0	0	0	0	0	0	0	0	0	0	0	0	0	0	0	0	0	0	0	0	0	0	0	0	0	0	0	0	0	0	0	0	0	0	0	0	0	0	0	0	0	0	0	0	0	0	0	0	0	0	0	1	0	0	0	0	0	0	0
PBANKA_141410	AACTGTGCACT	0	0	0	0	0	0	0	0	0	0	0	0	0	0	0	0	0	0	0	1	0	0	0	0	0	0	0	0	0	0	0	0	0	0	0	0	0	0	0	0	0	0	0	0	0	0	0	0	0	0	0	0	0	0	0	0	0	0	0	0	0	0	0	0	0	0	0	0	0	0	0	0	0	0	0	0	0	0	0	0	0	0	0	0	0	0	0	0	0	0	0	0	0	0	0	0	0	0	0	0	0	0	0	0
PBANKA_141810	CGGGGACTTAC	418	421	0	399	391	0	0	383	377	399	388	176	170	241	241	222	215	37	39	24	21	29	29	204	210	199	189	239	241	99	102	68	66	79	84	0	0	0	0	0	0	0	0	306	309	269	263	150	152	178	177	369	365	369	380	346	351	374	377	192	186	211	201	183	189	28	30	32	32	38	37	222	221	209	210	269	278	0	96	96	0	79	76	0	103	100	0	0	0	0	0	0	0	0	317	314	289	284	189	186	0	222	224	0
PBANKA_141870	CGTGAGGTGCC	0	0	0	0	0	0	0	0	0	0	0	0	0	0	0	0	0	0	0	0	0	0	0	0	0	0	0	0	0	0	0	0	0	0	0	0	0	0	0	0	0	0	1	0	0	0	0	0	0	0	0	0	0	0	0	0	0	0	0	0	0	0	0	0	0	0	0	0	0	0	0	0	0	0	0	0	0	0	0	0	0	0	0	0	0	0	0	0	0	0	0	0	0	0	0	0	0	0	0	0	0	0	0	0
PBANKA_142280	ACCGGCACCGT	459	438	0	345	335	0	0	379	364	376	368	910	874	1120	1079	977	930	882	854	742	715	785	753	472	450	537	526	532	515	520	504	482	467	549	529	1511	1458	1428	1385	2395	2309	1741	1684	495	476	558	532	518	499	475	456	391	378	391	379	406	399	364	353	968	933	981	946	975	940	739	707	712	688	697	658	469	446	530	521	628	610	0	549	527	0	496	487	0	503	482	1481	1423	1583	1531	2487	2406	2500	2401	510	485	582	559	611	589	0	515	492	0
PBANKA_143070	CGTATTCAAAG	0	0	0	0	0	0	0	0	0	0	0	0	0	0	0	0	0	0	0	0	0	0	0	0	0	0	0	0	0	0	0	0	0	0	0	0	0	0	0	0	0	0	0	0	0	0	0	0	0	0	0	0	0	0	0	0	0	0	0	0	0	0	0	0	0	0	0	0	0	0	0	0	0	0	0	0	0	0	0	0	0	0	0	0	0	0	0	0	0	0	0	0	0	0	0	0	0	0	1	0	0	0	0	0
PBANKA_143440	TTTCTTCAAAG	0	0	0	0	0	0	0	0	0	1	0	0	0	0	0	0	0	0	0	0	0	0	0	0	0	0	0	0	0	0	0	0	0	0	0	0	0	0	0	0	0	0	0	0	0	0	0	0	0	0	0	0	0	0	0	0	0	0	0	0	0	0	0	0	0	0	0	0	0	0	0	0	0	0	0	0	0	0	0	0	0	0	0	0	0	0	0	0	0	0	0	0	0	0	0	0	0	0	0	0	0	0	0	0
PBANKA_143660	CCGCTTCATGC	465	447	0	328	316	0	0	369	352	383	373	31	30	41	38	51	51	244	234	195	179	160	154	485	465	555	533	517	495	384	366	400	386	424	407	2	3	9	9	0	0	0	0	1205	1149	992	943	467	445	394	379	419	407	402	386	352	339	343	333	39	37	30	28	37	39	178	169	163	152	160	151	506	481	551	530	599	571	0	454	433	0	377	363	0	383	365	0	0	12	11	1	1	1	0	1186	1129	988	944	527	510	0	487	476	0
PBANKA_143670	CGCTCGGGTCC	0	0	0	0	0	0	0	0	0	0	0	0	0	0	0	0	0	0	1	0	0	0	0	0	0	0	0	0	0	1	0	1	0	0	0	0	0	0	0	0	0	0	0	0	0	0	0	0	0	0	0	0	0	0	0	0	0	0	0	0	0	0	0	0	0	0	0	0	0	0	0	1	0	0	0	1	0	0	0	0	0	1	0	0	0	0	0	0	0	0	0	0	0	0	0	0	0	0	0	0	0	0	0	0
PBANKA_143890	GTTCTTGACTC	619	588	0	507	489	0	1	494	461	613	581	1	1	3	3	5	5	64	60	61	62	74	66	212	197	272	259	283	270	652	618	578	549	649	621	2	0	0	0	63	60	48	47	267	259	319	302	551	527	563	534	520	495	480	458	451	434	511	486	1	1	3	3	3	2	70	69	57	55	71	68	221	212	241	229	311	302	0	612	580	0	563	537	0	551	525	0	0	0	0	102	97	70	66	257	243	282	264	660	626	0	645	619	0
PBANKA_144010	GCGCGCGACGC	0	0	0	0	0	0	0	0	0	0	0	0	0	0	0	0	0	0	0	0	0	0	0	0	0	0	0	0	0	0	0	0	0	0	0	0	0	0	0	0	0	0	0	0	0	0	0	0	0	0	0	0	0	0	0	0	0	0	0	0	0	0	0	0	0	0	0	0	0	0	0	0	0	0	0	0	0	0	0	0	0	0	1	0	0	0	0	0	0	0	0	0	0	0	0	0	0	0	0	0	0	0	0	0
PBANKA_144110	CGCTCCGGTCC	213	200	0	169	156	0	0	185	177	207	190	370	360	474	450	412	398	577	552	527	500	550	527	622	605	704	685	657	637	905	871	752	726	804	761	103	97	138	129	141	135	163	153	0	0	1	1	19	17	12	10	179	169	180	172	218	207	156	147	376	366	448	420	389	372	518	488	459	447	499	476	606	570	679	649	737	698	0	941	889	0	904	876	0	796	770	92	83	171	160	186	179	224	207	1	1	4	3	29	27	0	28	27	0
PBANKA_144140	TACAGCTAGCC	358	354	0	289	281	0	0	348	339	340	332	163	155	239	229	231	227	145	151	137	139	194	191	243	233	243	242	285	282	224	230	247	240	205	206	496	485	350	344	370	365	271	272	137	133	82	81	187	180	120	116	368	356	306	301	315	313	298	304	186	183	205	203	212	201	169	163	139	135	158	153	245	236	256	251	330	318	0	220	216	0	237	236	0	190	193	519	507	427	413	344	346	409	416	172	178	79	78	193	195	0	129	126	0
PBANKA_144160	AGTCGGGAGAC	245	231	0	192	185	0	0	229	220	223	212	0	0	0	0	0	0	126	122	111	106	145	140	85	80	100	97	91	82	0	0	0	0	0	0	0	0	0	0	15	14	13	14	277	264	413	392	0	0	0	0	222	212	217	203	226	210	210	204	0	0	0	0	3	2	117	112	112	102	142	129	108	103	83	79	91	91	0	0	0	0	0	0	0	0	0	0	0	0	0	21	21	19	19	284	272	452	434	0	0	0	0	0	0
PBANKA_144330	CCTAGAGTTAA	0	0	0	0	0	0	0	0	0	0	0	0	0	0	0	0	0	0	0	0	0	0	0	0	0	0	0	0	0	0	0	0	0	0	0	0	0	0	0	0	0	0	0	0	0	0	0	0	0	0	0	0	0	0	0	0	0	0	0	0	0	0	0	0	0	1	0	0	0	0	0	0	0	0	0	0	0	0	0	0	0	0	0	0	0	0	0	0	0	0	0	0	0	0	0	0	0	0	0	0	0	0	0	0
PBANKA_144600	TGCGTAGCAGA	385	373	0	355	335	0	0	398	384	368	354	47	43	59	57	70	66	0	0	0	0	0	0	14	13	19	16	16	15	0	0	0	0	0	0	5	5	1	1	0	0	0	0	36	34	49	48	0	0	0	0	356	343	398	381	364	344	343	326	70	67	67	64	66	64	3	4	0	0	0	0	14	12	15	15	17	17	0	0	0	0	0	0	0	0	0	5	5	0	0	0	0	0	0	39	32	43	42	0	0	0	0	1	0
PBANKA_145000	AAAGTAACGAG	1121	1054	1	1102	1031	1	0	1283	1207	1389	1310	663	631	830	806	769	727	109	103	63	61	79	73	431	412	502	475	453	437	331	311	292	274	390	366	37	36	86	82	8	8	12	11	619	588	600	559	329	302	215	209	1064	1010	1195	1129	1169	1113	1225	1154	821	782	844	798	791	743	98	95	70	65	76	70	405	388	478	448	529	504	0	352	333	0	282	270	0	288	269	43	39	55	52	8	8	13	12	657	623	583	548	335	312	0	242	230	0
PBANKA_145990	AACCACGCCGT	0	0	0	0	0	0	0	0	0	0	0	0	0	0	0	0	0	0	0	0	0	0	0	0	0	0	0	0	0	0	0	0	0	0	0	0	0	0	0	0	0	0	0	0	0	0	0	0	0	0	0	0	0	0	0	0	0	0	0	0	0	0	0	0	0	0	1	0	0	0	0	0	0	0	0	0	0	0	0	0	0	0	0	0	0	0	0	0	0	0	0	0	0	0	0	0	0	0	0	0	0	0	0	0
PBANKA_146400	AGTATATTCAT	0	0	0	0	0	0	0	0	0	0	0	0	0	0	0	0	0	0	0	0	0	0	0	0	0	0	0	0	0	0	0	0	0	0	0	0	0	0	0	0	0	0	0	0	0	0	0	0	0	0	0	0	0	0	0	0	0	0	0	0	0	0	0	0	0	0	0	1	0	0	0	0	0	0	0	0	0	0	0	0	0	0	0	0	0	0	0	0	0	0	0	0	0	0	0	0	0	0	0	0	0	0	0	0
PBANKA_146490	TTTCTAACGAA	0	0	0	0	0	0	0	0	0	0	0	0	0	0	0	0	0	0	1	0	0	0	0	0	0	0	0	0	0	0	0	0	0	0	0	0	0	0	0	0	0	0	0	0	0	0	0	0	0	0	0	0	0	0	0	0	0	0	0	0	0	0	0	0	0	0	0	0	0	0	0	0	0	0	0	0	0	0	0	0	0	0	0	0	0	0	0	0	0	0	0	0	0	0	0	0	0	0	0	0	0	0	0	0
PBANKA_API0022	CTACTGGGATG	0	0	0	0	0	0	0	0	0	0	0	0	0	0	0	0	0	0	0	0	0	0	0	0	0	0	0	0	0	0	0	0	0	0	0	0	0	0	0	0	0	0	0	0	0	0	0	0	0	0	0	0	0	0	0	0	0	0	0	0	0	0	0	0	0	0	0	0	0	0	0	0	0	0	0	0	0	0	0	0	0	0	0	0	1	0	0	0	0	0	0	0	0	0	0	0	0	0	0	0	0	0	0	0
